msno,expiry,is_auto_renew,payment_plan_days,actual_amount_paid,plan_list_price,discount,has_activity_60d,recency_days,active_days_30,secs_30,unq_30,completion_ratio,activity_trend,tenure_days,n_prior_cycles,p_churn,is_churn,split
T9DLNeLVbBHmHcdrgveRdMoO5Vq7T7WnT1gloG0rdN4=,2017-01-06,0,30,150,150,0,0,60,0,0.0,0.0,0.0,0.0,32,1,0.8545455,True,test
3V0FOb/HshwU4pxcrXk3V3UtqwbNBJ1K0fWLRVQSb8E=,2017-01-20,0,30,149,149,0,0,60,0,0.0,0.0,0.0,0.0,31,1,0.8545455,True,test
qHM1HVu4nUYWav3MHG6up4BqVzHT7bvzlBPfoZiMfnU=,2016-12-25,0,30,149,149,0,1,25,1,1103.0,5.0,1.0,1.0,337,10,0.7096774,True,test
8nempVQReObVdM9mhd2hXx+2PITPALVtWsCxaLQlHp8=,2017-01-27,0,30,149,149,0,1,8,14,54851.76700000001,365.0,0.4891041162227603,14.0,30,1,0.5641026,True,test
XGfRcq4SS33Ikh5v2ppjGtJswzpP69eDhk7JP1nNlj8=,2017-02-18,0,30,180,180,0,1,10,7,71452.288,327.0,0.8497109826589595,7.0,423,5,0.5641026,True,test
ooHgS27QmAKDxNuqAE14hye8fz/KP06RB3tYztUPxkE=,2017-02-28,0,30,180,180,0,1,12,4,9101.741,44.0,0.5,0.5,472,11,0.55757576,True,test
SPxZshoIk5KiNnIFtMDdw0JVFpLTClWCTWiffjvJz00=,2016-12-25,0,30,149,149,0,1,16,3,6173.426,26.0,0.34285714285714286,0.6,704,17,0.55757576,False,test
SLnnfECvN/Ujtg/gDpXBRxRimM0jgrV8FGR5tLu3yAM=,2017-01-30,0,30,149,149,0,1,0,4,6295.23,46.0,0.5510204081632653,0.0,377,2,0.5294118,False,test
zJe5JEb/WAgOUni9IivVekz6SJVrjCpHzAVFlQYa52Q=,2017-01-16,0,30,149,149,0,1,4,24,360713.9089999999,1635.0,0.664727657324167,24.0,354,2,0.51754385,False,test
20GFmKbiAS3nsQEt8J2lrP/5PQVBTmXMdwzaW6UAokg=,2017-01-25,0,120,477,477,0,1,6,15,39068.933,222.0,0.5397489539748954,0.75,603,14,0.4680851,False,test
Uw+Bc03CrKRPOA6pIOpYLvu3JdzAD3fOSKvlicULcWc=,2017-02-20,0,30,149,149,0,1,0,12,25318.379000000004,101.0,0.5068493150684932,12.0,33,1,0.41691846,True,test
2M9hWKGZlcJX7F2eCX+9djlkOFZM/5C1C6AuptW/o0o=,2017-02-11,0,180,536,536,0,1,1,8,30891.843,152.0,0.7947368421052632,0.8,739,4,0.41691846,False,test
ffyCU133f4lttftMf7HhvMStnywArQxIv3FXaaHGp0E=,2017-01-13,0,395,1599,1599,0,1,0,13,42059.378,162.0,0.8067632850241546,1.3,400,1,0.41691843,False,test
qd595m+bZcZhMhDulyCQv0mcs5scgSg3Rwb49x3SaFk=,2017-01-04,0,195,894,894,0,1,2,18,31041.265999999996,163.0,0.5242718446601942,1.5,711,3,0.41691843,False,test
RZKyS2PMOIYOypccbuMJJB3RtiJCrnfGsHywrW4NLvY=,2017-01-05,0,30,149,149,0,1,1,15,49763.195999999996,223.0,0.7590361445783133,15.0,582,14,0.4169184,False,test
RcnqVCBBP2p0UtrKpgeSfhX/Kb1GRpOcfMYw8m0evfw=,2017-02-18,0,30,149,149,0,1,5,18,71418.159,344.0,0.778393351800554,0.0,384,2,0.37954545,True,test
vqqKneNDfRWBqC6n69wxii/l7nfNRjpQxBp4ya+F1Uc=,2016-12-18,0,30,180,180,0,1,2,18,96943.648,376.0,0.9470046082949308,3.6,234,7,0.37954545,False,test
kLvtI4gSLJD9JNqHjQxIblg5cM06WTVyjbG+YeSVOJk=,2016-12-09,0,30,149,149,0,1,1,17,85716.658,429.0,0.7348178137651822,4.25,87,2,0.34895837,False,test
nppNXq1InP9yuZc0ukHbY8z6AgEqnYMMVLj5CDbF9Tw=,2017-02-10,0,30,180,180,0,1,0,1,1343.218,14.0,0.125,0.2,60,1,0.34895834,False,test
kZX7I6W69JktoimtYqiqRaAPujaYqxybyM/sBykCylo=,2017-01-22,0,195,894,894,0,1,2,18,65964.12299999999,202.0,0.5736040609137056,1.2857142857142858,491,3,0.3489583,True,test
A926kqI8WVjmmRpebih4sZRvsQCeK6tFkrZBsA5tgsc=,2017-01-05,0,30,150,150,0,1,4,19,116569.03499999999,578.0,0.4722222222222222,1.7272727272727273,735,21,0.32794458,False,test
0IXmxXm5xNJnBwy18L08Nv739SWHIn7L2nZz1CvRJmM=,2017-02-06,0,195,894,894,0,1,3,17,126015.95300000001,429.0,0.7204968944099379,1.2142857142857142,715,7,0.32794458,True,test
vzKT4HnPqYN86klHhquvxtYTWH7hvk8IY3yIvOO/RKY=,2017-01-09,0,410,1788,1788,0,1,0,21,106672.03700000003,471.0,0.6418918918918919,0.8076923076923077,413,1,0.32794458,True,test
ocFdsOPFzKxOjEM5UiXmJ1W0kcp0XYnblR6Q37XlFAA=,2016-12-03,0,410,1788,1788,0,1,0,21,150943.14899999998,656.0,0.7206477732793523,2.1,410,1,0.32794458,False,test
Bt1I3kSMXPziulLu8KJ/+i4DRuU2Eo9iG3k62gdUM6k=,2017-01-03,0,30,150,150,0,1,0,30,394432.326,92.0,0.8982658959537573,0.0,225,5,0.32794458,True,test
DNAMr/Y/1tPz53+Goj+5OTV/qWzR1Jvjv5gG2neCOsU=,2017-02-07,0,30,180,180,0,1,1,23,189779.865,747.0,0.7130528586839266,11.5,30,1,0.32794458,False,test
abDdDAlMwvHq5weCqFI6MSye2S8ZcmFBeo9ig5G+Z1I=,2017-02-15,0,30,180,180,0,1,4,20,33392.919,153.0,0.622093023255814,0.8333333333333334,732,11,0.32794455,False,test
FMuCuVf9SnPOxLGnozr9BtRZ4AODYZ8Va+W22ORiaag=,2016-12-29,0,360,1200,1200,0,1,0,22,113276.658,404.0,0.8653465346534653,0.7857142857142857,720,2,0.28252032,True,test
ftOOck3Q4cgB9+DyjgEZSoJghEJDeqFL898H3bOcXFY=,2017-02-16,0,120,477,477,0,1,0,24,136671.08000000002,346.0,0.846262341325811,3.4285714285714284,120,1,0.2825203,True,test
1YQXYq8YzzlCrmxEdV3SI/dzazOjybLyxpH3+o38oa8=,2017-01-29,0,30,180,180,0,1,2,13,138157.688,133.0,0.9310872894333844,1.3,192,5,0.2825203,False,test
JVijXt6MRiTJsJHE14O3j5pgA0aH7PhtzTqfkLKtEPQ=,2017-02-13,0,410,1788,1788,0,1,0,24,87654.43300000002,414.0,0.888631090487239,0.8571428571428571,416,1,0.24181196,False,test
N14Z2vhB6WPCZ2V4nXHAvrGvgcW46hitIu0RSB3OsqA=,2017-02-17,0,30,180,180,0,1,1,6,155191.44599999997,497.0,0.9378453038674033,0.2608695652173913,767,26,0.23840521,False,test
tCwEL/qwa+Hao6pXQXsa3Ncq4qmTahslGfhBg3Q/j08=,2016-12-21,0,30,180,180,0,1,1,15,166852.929,680.0,0.8503401360544217,2.5,30,1,0.23840521,True,test
2vZW3UGtdU1g7z44AxwmiGE3DSMOOVJHTul9dPO+k5w=,2017-02-20,0,30,180,180,0,1,2,27,901621.493,596.0,0.99375,1.125,61,2,0.23840521,True,test
X8yTouzjI/RAWDOszZHJOWgQYdRjULV/813e9GF15g8=,2017-02-27,0,400,1599,1599,0,1,0,29,151079.30899999998,687.0,0.6647398843930635,1.380952380952381,406,1,0.23840521,True,test
ydJQqa8dIgnWRuRMGreDwo9hQOuhTzwH5Ah9/eEi/a8=,2017-02-04,0,30,149,149,0,1,2,17,75192.916,216.0,0.9028213166144201,0.68,517,15,0.23840521,False,test
+by5VJNvVc5oqVVBt58svaU7SroSAtx5kE5wsGmjOWY=,2017-02-26,0,410,1788,1788,0,1,0,28,248764.52699999997,1043.0,0.7363636363636363,1.0,410,1,0.2384052,False,test
ffqR3BvGasPjtPvj/jdvYbA1602focZw7IjQt15r2aw=,2017-01-21,0,195,894,894,0,1,0,28,96121.42700000001,299.0,0.5668549905838042,0.9333333333333333,699,2,0.2384052,False,test
z20RmbW51AFM9ImFzCBIsbV35PVfx7PA8sMTtm3Kqj8=,2017-02-23,0,30,180,180,0,1,2,18,63034.193,222.0,0.9257950530035336,0.9,379,6,0.2384052,True,test
mYsp2iq1kI+Ez9t1QZiMw3NNocR9XNnLXFG/FNppirk=,2017-01-18,0,30,180,180,0,1,0,6,20149.893,90.0,0.5545454545454546,0.5454545454545454,69,3,0.1835531,False,test
fc5vVc3NJFLWVUGRHRoDW2FPf9Yg4uWCbYwsmBYzdlE=,2017-02-16,0,30,149,149,0,1,1,24,156493.318,821.0,0.47030185004868547,0.8888888888888888,409,13,0.18355308,False,test
FD4MlKVoNAFbzNKDrCbpUZFB+bHQJYyVxLMUA5dWfNI=,2017-01-14,0,30,149,149,0,1,1,17,316233.888,1243.0,0.9585613760750586,0.8095238095238095,730,21,0.18355308,False,test
MkVEZPPTpZLiL9XKIW9O4d2YYcxWHhiC1sdNdb39OXk=,2017-01-25,0,30,149,149,0,1,0,18,102311.01200000002,236.0,0.7872340425531915,1.2,719,22,0.18355308,False,test
WMA6LghaiZXSXHXmhmzrMX2sVTWZb8o9JY0JiWswxx0=,2017-02-04,0,30,149,149,0,1,0,19,36516.418000000005,347.0,0.15045871559633028,1.0555555555555556,63,2,0.18355308,False,test
j99U1/u7dthHsGVBZlmLfWrpLLJbYwoWsK9iLzlgXwE=,2017-01-18,0,30,180,180,0,1,0,29,134641.612,452.0,0.7151607963246555,5.8,30,1,0.18355308,False,test
6GH1MEofsDDj8tKDNh0svjwzOd09MyeZmqy1VF6tOg0=,2017-02-08,0,30,149,149,0,1,0,28,219787.082,872.0,0.5817091454272864,4.666666666666667,225,7,0.18355308,True,test
hxWh8AHqFV5X8BZc5cRZ2zYwL02OxjHH1VVP1Gvr7gU=,2017-01-23,0,30,180,180,0,1,3,24,169474.41100000002,509.0,0.7392776523702032,0.8275862068965517,120,4,0.18355308,True,test
6Vlo2geexu+OlLwL5FtUhDqGv2y8nFYZ6H6+AZN4iTY=,2017-02-27,0,30,149,149,0,1,0,26,160085.33999999997,563.0,0.8093278463648834,1.4444444444444444,169,5,0.18355308,True,test
klLV6zcX8Hf+JuqxlG6rgUMSTvSWi3P6oa00LSXYf1o=,2016-12-26,0,30,149,149,0,1,0,17,74940.312,290.0,0.8164893617021277,1.2142857142857142,30,1,0.18355308,False,test
hp0V6Qo7ohFBaNX/Wbezm9eY2pVY63wu55IwtRsq9kk=,2017-02-21,0,30,149,149,0,1,1,14,39173.02900000001,252.0,0.39775910364145656,1.5555555555555556,125,3,0.18355308,False,test
N8CgZ8rA8BSEdHQXfapeRpVHN0iD/1CoSEo2FaO1Mpg=,2017-01-14,0,30,149,149,0,1,0,18,779148.232,4002.0,0.9935181850918257,0.6923076923076923,722,18,0.18355308,False,test
2gLPHYc8aGYLQxYbcGo8bmwe92e5yd772c3M0DpWGkk=,2016-12-29,0,30,180,180,0,1,0,11,44443.641,178.0,0.8673469387755102,1.1,191,6,0.18355307,False,test
g7rVTAOjU4pfFRWHPzlQ4z4xz+K94OAMXs84KwJmBHc=,2017-02-19,0,30,149,149,0,1,1,15,55815.022,217.0,0.7591836734693878,0.8333333333333334,700,15,0.18355307,False,test
OwmTKqvx6+40bI+eOZm85G2yKKIQJ2cleWrDCM24k4I=,2017-02-18,0,30,149,149,0,1,0,13,68852.384,444.0,0.43538767395626243,0.8125,777,19,0.11801243,False,test
VO9OHtkHP+UStzARxPc4U7vBe3NqOrVuSdyoxeLLzi4=,2017-02-07,0,30,180,180,0,1,0,17,101563.938,540.0,0.5946398659966499,1.1333333333333333,163,5,0.11801243,False,test
8gOO6GeQ4Z+oB92zTV3ixFLC1lboCQlRxNDJm0HPmWM=,2017-01-03,0,30,149,149,0,1,0,26,134200.818,320.0,0.8085106382978723,0.9629629629629629,210,7,0.11801242,False,test
CQtBftHnjb6WXYLR7BU7mhneDMaIAp9unfwmWp4EF+k=,2017-01-31,1,30,180,180,0,1,22,2,1288.56,7.0,0.5714285714285714,0.2,62,3,0.08805032,False,test
uvuwSGMhhXljkOMeCuCpZl7wxSIknYGRWEJi4Y9wMWk=,2017-02-02,0,30,149,149,0,1,0,19,151355.719,546.0,0.7503267973856209,0.7037037037037037,63,2,0.08805032,False,test
pRR5CEm4/dfzEFynHWYkXVtx391TPtSO7QuRBUJOV0w=,2016-12-12,1,30,180,180,0,1,16,5,11805.553000000002,48.0,0.9375,0.19230769230769232,709,26,0.08805031,False,test
YkDSo3kcA9pdtH0LNqDF5fIkOk12x7IlXFxXn5DRFfc=,2017-01-21,1,30,149,149,0,1,12,10,66209.612,281.0,0.9050847457627119,10.0,731,12,0.08805031,True,test
ivX1S5OvgxiPvy77Hy0gU/8aX/3PA6Pwert5vycyJWk=,2017-02-06,0,30,149,149,0,1,0,21,76966.96399999999,608.0,0.3604336043360434,0.9545454545454546,531,14,0.07768744,False,test
0nikTc9IOOGgczHIRiSoQr3lIotV8lFP5QSbbqfZ6Eo=,2017-02-27,0,30,149,149,0,1,0,23,269470.82599999994,665.0,0.739100817438692,0.9583333333333334,629,7,0.07768744,False,test
pYZb23WFYHF+Y+ivT8rn61aNSQHDf14gEDVyb7az1Bk=,2017-01-27,0,30,149,149,0,1,0,23,169875.42599999998,847.0,0.6684378320935175,0.8518518518518519,140,4,0.07768744,False,test
khJeIrsjizlBRxoMPOyB3UeGq5lc2duu58mb3spaZ7U=,2016-12-05,0,30,149,149,0,1,1,29,459997.1150000001,1541.0,0.7907750832144556,1.0357142857142858,439,11,0.07768744,False,test
ds9jI9P/6vPRf4kVDxgGct892VvonzOP1iqkYflVENw=,2016-12-31,0,30,149,149,0,1,0,19,170087.974,583.0,0.9138418079096046,0.7916666666666666,339,10,0.07768744,False,test
7yXgx3Pn7NtoVEZNl7NCYnKVo8H6IHQGF/x3uY5u8Og=,2017-02-17,0,30,180,180,0,1,0,27,104225.48899999997,563.0,0.5744336569579288,1.35,754,24,0.07768744,False,test
aXDX/wfyrkE4w21qKd8cp39y7zxoTBIQAINmgMnl0dI=,2017-02-04,1,30,149,149,0,1,0,21,198484.38999999998,450.0,0.835920177383592,7.0,762,26,0.071428575,False,test
8d43ejP4pNJozwrwHFPuC/Uy2ssiiPsb/cs05GC7rxo=,2017-02-24,0,30,180,180,0,1,0,27,139215.27999999997,598.0,0.7653194263363755,1.125,127,5,0.071428575,False,test
Nd/knHceHVWSe4AI8WaPJUIg8SlEmk4q86gSt58pVss=,2017-02-13,1,30,149,149,0,1,0,28,232511.47600000002,1140.0,0.5389030612244898,28.0,242,5,0.061538465,False,test
y4WEncNnw6+aQAnEHFu9leGlYQqWMROFCitzOhtAz3s=,2017-02-01,0,30,149,149,0,1,0,29,203495.90200000006,919.0,0.6860254083484574,1.0357142857142858,745,21,0.061538465,False,test
CQwJDupq91cqVDS5Z0JHF/7ZZYftZW7gay+g4sy8wMI=,2017-02-25,1,30,180,180,0,1,1,13,36316.40200000001,88.0,0.6612903225806451,4.333333333333333,31,1,0.061538465,False,test
uUSjHppR5plv1NStUz66X8Ju1VaCwga0YGq6JuSc6dI=,2017-01-25,0,30,180,180,0,1,0,27,236047.86599999998,977.0,0.6101190476190477,0.9,396,14,0.061538465,False,test
oV23+JMb/JzCJiLROjlYkxDkdPYCUZIRMog9PENWEPM=,2017-02-25,0,30,180,180,0,1,0,29,217597.209,975.0,0.773356401384083,1.1153846153846154,516,17,0.061538465,False,test
GvKXLopkdFGj44u4nx5SZ9P7wxFOYQxLV+QM617lIZc=,2017-01-21,1,30,180,180,0,1,1,21,65174.609000000004,360.0,0.4743083003952569,4.2,244,8,0.061538465,False,test
nhvk1tdJut/cL8cQgdYNK54lHwF2p2lcgLsMnskidas=,2016-12-07,1,30,180,180,0,1,6,7,37116.414,43.0,0.9466666666666667,2.3333333333333335,29,1,0.06153846,True,test
b4SOZGeddarc//qJ5f4IcuTNNXm77f0nd/SWO8RypYs=,2016-12-15,0,30,149,149,0,1,0,30,209900.67700000003,695.0,0.9294117647058824,1.1111111111111112,271,10,0.06153846,False,test
imew+5bFUJnL88TP6Sb5WcFO+wbqDDNADeBMA6oJ+dM=,2017-02-28,1,30,149,149,0,1,16,1,96.209,1.0,0.0,0.2,541,19,0.06153846,False,test
KOxrz1ea8eJjG2xhMSpv0OZjklFD2w7US4uYbpudItU=,2016-12-08,0,30,180,180,0,1,0,29,312330.0530000001,1515.0,0.6693136698808848,1.0,605,21,0.06153846,False,test
gE1sv1NYngCdorhx0fltx6wK5gHnLM+faf17TzqLSgQ=,2017-01-31,1,30,149,149,0,1,44,0,0.0,0.0,0.0,0.0,672,21,0.06153846,False,test
aRWt7s+IxB1EmnDK4HOEe/+NX8JnjitfzcZKwLds4CM=,2016-12-06,0,30,149,149,0,1,0,29,157782.365,524.0,0.8786039453717754,1.0740740740740742,685,22,0.06153846,False,test
nPTjcTAhlIHXPu2GaemkAhhRvf8OR8m49my54VDbTBw=,2017-01-14,1,30,149,149,0,1,0,19,48221.219,239.0,0.5910780669144982,19.0,593,2,0.06153846,False,test
BBmPItx/Xge1tTbZ6g8MOtO3kax9ZiwR9r0KwqkGWYA=,2017-01-12,0,30,149,149,0,1,0,28,384546.6209999999,1483.0,0.7582540570789031,1.0,728,15,0.06153846,False,test
LThaiVqGGnVTPmTcmwN/LLo4fVb5dzkduzd7s1SgzIA=,2017-01-10,0,30,180,180,0,1,0,30,950602.959,3166.0,0.8126468703268532,1.0,570,13,0.06153846,False,test
J0S0D7zVMEk+Lu+b0XpWYw6m0aizdINvz5C8UjIGUow=,2017-01-18,0,30,180,180,0,1,0,30,315213.566,1560.0,0.5592243186582809,1.0,740,22,0.06153846,False,test
Ts9ML67TyWThNCRFhFlXQHCGCVarQ/hyzrgO9c0R5Ng=,2017-01-07,1,30,149,149,0,1,24,2,1326.908,12.0,0.4166666666666667,0.07407407407407407,730,25,0.06153846,True,test
Zg2p6fBWZyvVM583gWkcYYrMwN1ltEw/NHodcLYmNaI=,2017-01-05,0,30,149,149,0,1,0,28,222985.61,1302.0,0.3417540514775977,1.3333333333333333,468,15,0.061538458,False,test
kemB9B7499uZRq0XMCeCWsSfBN8auzqcJK1thZ3Xv2o=,2017-01-09,1,30,180,180,0,1,5,9,46339.73,187.0,0.6571428571428571,0.5,702,24,0.061538458,False,test
kJNP+YctTn/U1WadVHRITE8qXYBaiX0vOqR/mcLmGnI=,2017-01-16,1,30,149,149,0,1,1,27,221066.94900000002,730.0,0.7021791767554479,13.5,31,2,0.061538458,False,test
3Vg4UbAwuTrukLNPlxhM1Qr3qYdo/ONbnYtZsojzODs=,2016-12-31,1,30,149,149,0,1,11,4,5462.023,21.0,0.42857142857142855,4.0,641,20,0.046722908,False,test
+NZnaUFw+tBYOoPHpO3XBh7nnE4N4xzpRdhhnWP8YOM=,2016-12-14,1,30,180,180,0,0,60,0,0.0,0.0,0.0,0.0,308,10,0.046722908,False,test
+LtSaZtUIbkvp8sfCSZ9lDzI0vQI350HtB+epQY16Qs=,2017-02-21,1,30,99,99,0,1,0,18,89808.31300000001,435.0,0.7395833333333334,9.0,31,2,0.046722908,False,test
TdOVF9c3rHxlKujFbl50qRKtVOSdsY8pMG51V+jtPVI=,2017-02-28,1,30,149,149,0,1,6,4,11135.415,55.0,0.7090909090909091,0.36363636363636365,700,22,0.046722908,False,test
qlGIfAb0Q++sWn38wJkbo+kFO/b3fcIdO2feayerGfw=,2017-02-22,1,30,149,149,0,1,9,1,301.734,4.0,0.0,0.0,783,27,0.046722908,False,test
uY1+L3hPjKvO0tQueM4Gsns9KwHGC9gvBVrMJW355M0=,2016-12-31,1,30,149,149,0,1,7,5,20013.196,103.0,0.5583333333333333,0.38461538461538464,641,20,0.046722908,False,test
e67IVecMhyFXxzT3qNw6AM2GUk/6OOqVyMaFgAUwb7U=,2016-12-13,1,30,180,180,0,1,1,6,59886.02500000001,64.0,0.9313304721030042,0.3,124,5,0.046722908,False,test
+uNb2I76C7/adiptmrU7CDDNtu3sbneA6U9AWWeN0Qo=,2017-02-25,1,30,149,149,0,1,8,3,4949.743,24.0,0.875,0.2,457,16,0.046722908,False,test
WhdbrdXG6gcgSQf/IgsYCzsok+h4cnukRLP9o0vci4A=,2017-02-28,1,30,149,149,0,1,18,5,59832.844999999994,161.0,0.9049429657794676,0.45454545454545453,767,23,0.046722908,False,test
+L3KDldNV0VEo4bbcU5YUaUP3yFxio/WrApA8PDOlhA=,2017-01-09,1,30,149,149,0,1,12,1,1026.116,7.0,0.0,0.0,731,25,0.046722908,False,test
EtyjtTGb7myIaid+73A4EkBDB8ukZKsENIgKx1gLZhU=,2016-12-31,1,30,149,149,0,1,17,5,970.3299999999999,7.0,0.125,0.4166666666666667,641,20,0.046722908,False,test
9SUH0skiJ0SJkLbr9z56dlluD3qK8//DmoJQqKLspvU=,2016-12-11,1,30,180,180,0,1,5,9,49493.619,234.0,0.7732793522267206,1.8,126,5,0.046722904,False,test
Gk8ReIJVavvwy7VEuCm/ycXFUoGMYs1U1j1MFgjQN6s=,2017-01-01,0,30,149,149,0,1,0,29,227977.919,1515.0,0.42264914054600605,0.9666666666666667,170,5,0.046722904,True,test
ldwnYYxMssU1i2Yc5RhcDIe0u+vEF4r0CYXRpSxTw4E=,2017-01-13,1,30,149,149,0,1,4,1,195.473,1.0,0.0,0.0,731,25,0.046722904,False,test
pp+Oosf5Q9lmFxqR5vrpWPRXy5gOUl6Lmn/nMAQ9n54=,2017-01-04,1,30,180,180,0,1,5,8,25501.071999999996,129.0,0.6811594202898551,1.0,729,20,0.046722904,False,test
QX+/p40GfpaPVy2tkw1Up2UeB4dNizjWD8R7hh1epgM=,2016-12-10,0,30,149,149,0,1,0,30,353159.7550000001,1861.0,0.5993560257589696,1.0344827586206897,568,17,0.046722904,False,test
/oMGWzJKa+HPhl0SKILPSdigz8zXEunMjL/2B/RLDaI=,2016-12-06,0,30,149,149,0,1,0,30,593597.291,1722.0,0.7254038179148311,1.0,410,14,0.046722904,False,test
I5O22AzurgPwjUhi7xCCfgTKadd3t90CVzK2XeFjOkM=,2017-01-24,1,30,149,149,0,1,27,1,327.148,2.0,1.0,1.0,731,25,0.04327666,False,test
E9Y+ofMhuykjTzb8GTx4W/OEcNa98b2aqAnuwO3lX64=,2017-01-03,1,30,149,149,0,1,7,4,4150.488,12.0,0.9230769230769231,4.0,727,25,0.04327666,False,test
0YX1n3m16ShuI1Kh12t4Kuj1SA1ZiRbAvEQA3HdxnB0=,2017-01-26,1,30,149,149,0,1,4,9,19370.233000000004,119.0,0.44751381215469616,0.0,730,24,0.04327666,False,test
L2V/V43HQocNyZgQqRRxeEG4GHQbyB2nm+ncqzPQTKo=,2017-02-22,1,30,149,149,0,1,4,4,3752.9860000000003,17.0,0.6470588235294118,0.23529411764705882,762,25,0.04327666,False,test
gNsqh7BmIQhR04NoHJ/IVJ705n2Lhd3+haYKSMwIR3w=,2017-01-01,1,30,149,149,0,1,0,8,12857.049,63.0,0.6455696202531646,0.0,30,2,0.04327666,False,test
OERU5Ct5ReSj/H5vBzFidSIhDUtSeDm1DIWRpypBY7M=,2017-01-01,1,30,149,149,0,1,1,27,201217.03999999998,857.0,0.4479768786127168,0.0,611,4,0.04327666,False,test
hly8/DxIzItnxAw0lthDpYoRbBT8VYDrlrIy2BqfdUg=,2017-01-03,1,30,149,149,0,1,8,5,5396.963,28.0,0.6333333333333333,0.5,710,25,0.04327666,False,test
tJ+rPe8FghESmq0z/+wb5qxRixTdaNmsGYH9PetQOvI=,2016-12-05,1,30,149,149,0,1,1,10,22598.988999999998,121.0,0.42962962962962964,0.37037037037037035,700,24,0.02910959,False,test
hj6p1nAsUgdDWLTWsv5hxqDI/ek0wlzrFf5kPq8l92s=,2017-02-13,1,30,149,149,0,1,10,7,18616.79,88.0,0.6632653061224489,0.7,762,26,0.027595272,False,test
H6FNY+Joufq7XqBw8wDN3XQbDMIei3aKG4Op52q8cN8=,2017-01-27,1,30,149,149,0,1,4,6,9046.569000000001,39.0,0.8222222222222222,0.6,731,25,0.02759527,False,test
n8dScXNSeAPyfGJvU3FtKmCEJOsOigtDz88K3mWSwcE=,2017-02-06,1,30,180,180,0,1,0,27,243418.72199999998,1003.0,0.8459409594095941,3.0,764,13,0.02759527,False,test
Lr/a/vBiHmWQWfx0bxuEUHuw3WZfzDjSIN+t9zZWrdc=,2017-02-26,1,30,149,149,0,1,7,7,25292.496,55.0,0.6029411764705882,1.0,761,25,0.026785716,False,test
pWG/b+ekkPIP89GEu5Ad/89GjQwSewtzG1lEeeXvVRU=,2016-12-10,1,30,149,149,0,1,8,12,95763.74500000001,232.0,0.8528138528138528,0.8571428571428571,700,24,0.026785716,False,test
hpHqLInEAPLg7gJI8gaR1gyQMNUAiP31iNa5FKgn3B8=,2017-01-23,1,30,149,149,0,1,6,12,81069.185,281.0,0.8783068783068783,0.75,183,7,0.026785715,False,test
GGWXixQ3qY8a9yhfQ9ZYBeBgweyoHC9JeramNzgJ7TM=,2017-02-24,1,30,149,149,0,1,0,3,4382.813,19.0,0.32653061224489793,3.0,762,25,0.026785713,False,test
dMXY1ZxoKMCyi+qBufA7w5/nxb/9bovF+EHKZ+QYqu8=,2017-02-05,1,30,149,149,0,1,1,10,44923.0,378.0,0.3248730964467005,0.4,762,17,0.022113021,False,test
3THkLg2MvzBxuQW0cTihorIpS9voyp8czJJLlT33NQk=,2017-02-28,1,30,149,149,0,1,1,6,8297.563,55.0,0.24,0.5454545454545454,783,26,0.022113021,False,test
STuF7frrcINsaF4t95Nusqk1qlUT1+wCO7Pf+TCcJGA=,2017-02-22,1,30,180,180,0,1,0,4,7343.797,17.0,0.6842105263157895,0.8,148,5,0.019770663,False,test
xR9zR4cIIXmLtCDgLptwLFC3Z+BZHU774bi3o17TMrk=,2016-12-24,1,30,180,180,0,1,0,26,76193.17700000003,256.0,0.6049382716049383,0.896551724137931,712,25,0.019770663,False,test
SRoyBDaoDoIrZPX6ZqQjwQc8olLA3VP6RQw5McZ8qAs=,2017-01-20,1,30,180,180,0,1,0,26,80325.46299999999,276.0,0.9161490683229814,1.7333333333333334,728,23,0.019770663,False,test
ndoCLuBpiq1W8aodgwrWC/hDkOljtrEU/Q4UJSUJ9ME=,2017-01-19,1,30,149,149,0,1,4,12,147915.592,591.0,0.6834804539722572,0.8,396,13,0.019770661,False,test
X/xZqfkiyyWB3AnrpvdY4iu/I+DchlqbgShzOmqZWTM=,2016-12-22,1,30,149,149,0,1,3,15,97498.45000000001,378.0,0.8904761904761904,0.9375,213,7,0.019770661,False,test
ZpHpRLBMTpDYB63tiOsCam+NKPNnIZyC3n9KmvddANg=,2017-01-19,1,30,149,149,0,1,1,6,20249.296000000002,89.0,0.6434782608695652,2.0,305,11,0.019770661,False,test
sm1z3UwjEY4Go+9Rd335302SH4Jk9Onvm/2feOAnxno=,2017-01-11,1,30,180,180,0,1,0,23,108404.51499999998,416.0,0.7830188679245284,0.8518518518518519,214,7,0.019770661,False,test
9zRkjaMEcmOP/EzvZzsykr+RgNqkmzI/bwM3DNjOPDs=,2017-01-31,1,30,149,149,0,1,0,25,333766.123,1018.0,0.9643939393939394,3.125,672,21,0.019770661,False,test
GswPn689Uc1ZIDWF02Fn3DIhEt5Abpjz32C0o/a4kHY=,2017-01-31,1,30,149,149,0,1,3,3,1803.4899999999998,17.0,0.24,1.0,672,21,0.019770661,False,test
2yM+3v1CtCqlGbTpMaYfmppXP6MQ68BsCrBTpQTPThY=,2017-02-28,1,30,149,149,0,1,4,5,4508.088,33.0,0.5121951219512195,2.5,700,22,0.019770661,False,test
GFTyUl88KaaL/P4f9kpWADSpqjpXwCyUiBDCZOjerrU=,2017-01-06,1,30,149,149,0,1,4,7,93451.147,336.0,0.744466800804829,1.1666666666666667,391,7,0.019770661,False,test
NEqMfTbup4FD+OyX4ta6y2Hmt5RUQKsTWvFt5frjIRg=,2017-02-16,1,30,149,149,0,1,0,16,75815.574,291.0,0.728448275862069,4.0,747,24,0.019770661,False,test
prHnjJBSfsHS7jUqWPrGz64uKu2ZJUcx/U7OTaA1w94=,2017-01-03,1,30,149,149,0,1,3,8,49615.606999999996,212.0,0.6853448275862069,2.0,731,25,0.019770661,False,test
pZWxWgccKMPydIOnXD465FWWVm2va5rFM5D/GnqgUoc=,2017-01-31,1,30,149,149,0,1,6,17,102632.561,268.0,0.8132911392405063,0.8947368421052632,672,21,0.019770661,False,test
Sy/Iz2JED36bV1nUzIyaDYzkBQiU7y2FpCjw1gs61CI=,2017-01-31,1,30,149,149,0,1,2,8,133479.108,501.0,0.9001814882032668,4.0,672,21,0.019770661,False,test
sZu9M/WDqDDb0TWgLricQY2IcciPt+3Am/xEB4C9/Bw=,2016-12-10,1,30,180,180,0,1,0,22,111611.99199999998,484.0,0.781981981981982,1.5714285714285714,701,23,0.019770661,False,test
KiAdlfjIw8L4qpT+vg2hykd2cRBmvr3DPRQ39JMd420=,2017-02-08,1,30,149,149,0,1,3,13,28324.135000000002,143.0,0.6987179487179487,2.6,214,8,0.019770661,False,test
Ag1lVsYqX/8N3WQS/q0d68PyXsYm8wSuijrIaaGjBvo=,2017-02-20,1,30,149,149,0,1,3,3,7717.645,87.0,0.16483516483516483,0.75,762,25,0.019770661,False,test
65YCr6aJSExcTIlJuX/F6JWuKQZ2ZQU0T8bk6/NW3xo=,2017-02-22,1,30,149,149,0,1,1,21,70495.586,260.0,0.8237179487179487,0.7,762,26,0.019770661,False,test
tnAEjLygjozVn3mkhNlK313m/g0MS9DJOVAMdtSfMX8=,2016-12-31,1,30,149,149,0,1,6,3,5497.735999999999,31.0,0.5277777777777778,1.5,641,20,0.019770661,False,test
56upxonGTm9u3IIz/xuvyxkBryNcxBUThVCcjt5sOLQ=,2016-12-31,1,30,149,149,0,1,1,18,81427.767,434.0,0.6378600823045267,3.0,641,20,0.019770661,False,test
FAO+YEqOQr1NCjHgoa8Rde0pdKCpx6ish1zIBVEZ6rY=,2017-02-25,1,30,149,149,0,1,4,6,55255.653,196.0,0.782258064516129,0.75,762,25,0.019770661,False,test
Ybl6nWjnVvEU2DMkX7A5gEH9a/X4XnJHu6nVs4IMcqc=,2017-01-05,1,30,149,149,0,1,3,11,29895.918,129.0,0.75,0.7333333333333333,731,25,0.019770661,False,test
v5d/7Mu1v17GeCFFsK44c6zo+AUJqMjnKcNmRmLet/o=,2016-12-31,1,30,149,149,0,1,2,20,173421.01399999997,710.0,0.7750294464075382,0.6896551724137931,641,20,0.019770661,False,test
sz24+mS2AM9E137QKCS8DMxcHIU4fBF6fw2TxCVxNCc=,2017-01-31,1,30,149,149,0,1,2,10,72883.38199999998,292.0,0.9128205128205128,0.7142857142857143,672,21,0.019770661,False,test
OGVBs4cCZpQR42cYq3jaVZsxP+eUPDrb7Kx0owQHEt4=,2017-02-28,1,30,149,149,0,1,0,6,41789.053,153.0,0.6900584795321637,0.46153846153846156,700,22,0.019770661,False,test
M+HC0PecRn+cmQn9FBc2Z/5Mq5+gUBNCys/TnhSXrbQ=,2017-01-31,1,30,149,149,0,1,6,6,65557.863,272.0,0.9202898550724637,1.2,672,21,0.019770661,False,test
sx1QmQ10cGI/B0jDmAaLSvgu2v1AcyL0YrVkErZVm5o=,2016-12-08,1,30,180,180,0,1,0,17,95964.71399999999,368.0,0.918848167539267,2.4285714285714284,330,5,0.019770661,False,test
RNQ1vjWgoLdZqXS7LaqhpgR4KXa3Togpro6eAo/Ou5g=,2017-01-21,1,30,149,149,0,1,0,22,193662.181,825.0,0.931740614334471,2.4444444444444446,730,24,0.019770661,False,test
AS77YHp72/uFjOczk/n8J5W4YJA7PMTnIxVMMExDARg=,2016-12-10,1,30,180,180,0,1,1,27,355125.72099999996,1298.0,0.83366077275704,0.9,91,3,0.019770661,True,test
og50FW52Se0+sM5Cn/heZ3G7Ct6OALN8b7nCDTOz70U=,2016-12-06,1,30,180,180,0,1,2,19,161029.50700000004,492.0,0.8671641791044776,1.0,691,20,0.019770661,False,test
izSSyeOAeRwowvr+DDxWsiEiW+O35ODTdKhXby04hlY=,2017-02-04,1,30,180,180,0,1,1,26,85786.31700000001,417.0,0.6344086021505376,1.0,62,2,0.019770661,False,test
kUsSpARRn90n8Pn1zd68dxrqrQnLFgQEpPbsXftx+kk=,2017-01-31,1,30,149,149,0,1,0,7,13196.131,35.0,0.6875,3.5,731,23,0.019770661,False,test
VdZ3bxniCogFsy8s7Z7Pp17ZgbzZJ7bkmWRBPcDyQCs=,2017-01-31,1,30,149,149,0,1,3,13,176790.92299999998,687.0,0.8956975228161669,0.9285714285714286,672,21,0.019770661,False,test
F6A60INVB4Gdy+MU2V+2yVaqc01wdmlCoxoxjBMchd4=,2017-01-14,1,30,149,149,0,1,0,10,163874.868,624.0,0.9350282485875706,0.5,732,25,0.019770661,False,test
BugNXVtOd3V/mQnrhRe31a6kyHOeT0JisHYeAzKrHxo=,2017-02-20,1,30,149,149,0,1,0,12,70275.568,273.0,0.936026936026936,0.6,183,6,0.019770661,False,test
saWLZRwa23xHthvaK88eHqQe2/aBGdCf0IBYvi4nspY=,2017-01-22,1,30,149,149,0,1,1,10,51147.05500000001,283.0,0.5179153094462541,2.5,731,25,0.019770661,False,test
YZyDS5m+b6vdEm3pi30rGPmGWXioNJlJ7viqn7QMTzE=,2017-01-07,1,30,180,180,0,1,0,24,115325.69700000001,469.0,0.7672727272727272,0.9230769230769231,565,18,0.019770661,False,test
GEytYGEyRU9XR5oE2ZLVxRKrooFKVQ5ekqWqd3/5G5Y=,2017-02-01,1,30,149,149,0,1,2,8,60216.679000000004,291.0,0.8122977346278317,0.6666666666666666,185,5,0.019770661,False,test
cxQmIPSZFRhQOmCg14F4Rdt1en+F7RjyOdUuODMdZqU=,2017-02-19,1,30,149,149,0,1,1,14,68872.188,271.0,0.8538205980066446,2.0,157,5,0.019770661,False,test
Op5dTb8koRH28D7PQ0p0hb75Oob4UZpLLxfWF1VoEwM=,2017-02-28,1,30,149,149,0,1,4,19,556718.3840000001,2282.0,0.9740313272877164,0.95,700,22,0.019770661,False,test
Nj1hCaUwI4mlKj9PFLn7YrXJtWGoiEE15mS73lDND40=,2017-01-22,1,30,149,149,0,1,2,21,128594.54699999999,542.0,0.8189655172413793,0.75,305,11,0.019770661,True,test
bVu4DNbb+YhkCkCnc3QIGQ+3pk3VYM73t6KLDS/DUdQ=,2017-02-06,1,30,149,149,0,1,1,17,76723.86,274.0,0.8496932515337423,0.6538461538461539,746,25,0.019770661,False,test
eMdB3j7TOVSj/20o2x8yxm728qQFRNg/lcfAKHp7JXw=,2016-12-31,1,30,149,149,0,1,0,17,54255.009999999995,236.0,0.7380952380952381,0.6296296296296297,641,20,0.01977066,False,test
mC7wRT0HHp3LHODO10eWMWHtO4xwLb8Z1I2psW2Imfw=,2017-02-28,1,30,149,149,0,1,0,10,25802.563,112.0,0.52046783625731,2.0,700,22,0.01977066,False,test
8TODWHXns+zMTcyrnYGrlhOhih/+WnC5uFXcrXCW3gk=,2017-01-31,1,30,149,149,0,1,0,16,108545.29700000002,491.0,0.5693430656934306,2.2857142857142856,672,23,0.01977066,False,test
p6g8ZCGQ1i6z1QgvfI0Qbua8NTiOQuUk6iVvfy9862E=,2017-02-10,1,30,149,149,0,1,0,10,34737.049,224.0,0.33727810650887574,2.0,244,8,0.01977066,False,test
sMTB80wSIPr0aCIqIJyimBaNmfTIpImZBvwjEmRg918=,2017-01-31,1,30,149,149,0,1,0,2,6401.177,24.0,0.78125,0.6666666666666666,552,17,0.01977066,False,test
w0JK/gKF2GfM3kIymySHNp1/IKytkqG/gBek1rZR3VA=,2017-01-19,1,30,149,149,0,1,0,7,2828.4030000000002,27.0,0.14814814814814814,0.6363636363636364,734,26,0.01977066,False,test
2I5Luf6nF+QAS53rWXLRU6c5ltxB9V+/6hVoadv1yw0=,2016-12-22,1,30,149,149,0,1,5,11,136653.31300000002,399.0,0.926391382405745,0.8461538461538461,721,23,0.01977066,False,test
E36ER9CQyGak6nuFL/Ut5PW7kncuPK8s2nWi3rEw53U=,2017-01-11,1,30,149,149,0,1,0,14,28500.363999999998,112.0,0.5291005291005291,2.3333333333333335,730,24,0.01977066,False,test
4JfF1T/evMonA5ywbBxh4Q73K4wh7hPF+H17gYHq0NM=,2016-12-22,1,30,149,149,0,1,0,26,208818.19,897.0,0.7647058823529411,1.8571428571428572,426,15,0.01977066,False,test
bs/BhLKnAbLrLU/KMvOwOcnufhHuRxxl4pPhSWS+dNo=,2017-01-31,1,30,149,149,0,1,0,9,40605.136000000006,144.0,0.8222222222222222,0.6428571428571429,672,21,0.01977066,False,test
tpp9fguT8UqBX47P9aykPPlfHlkggVVyAuT8jvGuS50=,2016-12-23,1,30,149,149,0,1,5,16,29983.049000000003,139.0,0.7037037037037037,0.9411764705882353,396,14,0.01977066,False,test
r/5fGuSbzFpsJdf3M79/63ykae3g0G/mvwK4WdRvAg8=,2016-12-09,1,30,149,149,0,1,5,10,49970.912,223.0,0.8629032258064516,0.7692307692307693,689,23,0.01977066,False,test
yJsySseIOVw9+DLBL8l8t2trw6UIqm4p085mMo2Sf74=,2017-01-14,1,30,149,149,0,1,5,10,84814.806,513.0,0.5291095890410958,0.8333333333333334,274,10,0.01977066,False,test
GI1MdUhCUa9EG9sRgu3Z0PV/IOctSyMzRU7C+Bw9E0c=,2017-02-28,1,30,149,149,0,1,5,14,150998.645,463.0,0.9167950693374423,0.7777777777777778,700,22,0.01977066,False,test
Q35LK+O8N+FCkve2EpTbIP9+AAE4x2PJ8qWcyfRCoCA=,2017-02-04,1,30,149,149,0,1,0,6,17950.021999999997,88.0,0.7216494845360825,0.6666666666666666,671,22,0.01977066,False,test
UQdTJJ+vMvJQMuB1SWORkgquGMUPYftkIrr4OcqTlB4=,2017-02-19,1,30,149,149,0,1,0,29,774842.52,1416.0,0.9550651422494018,0.9666666666666667,549,19,0.016223926,False,test
822PcnBOgIlvjLDk0lZb+Rn7rdfJVv3ke+WrUr2w4E8=,2016-12-09,1,30,149,149,0,1,0,30,628219.5689999999,2646.0,0.7160094173042967,1.0,700,24,0.016223926,False,test
Yb0qXkKJ2KzQqjCiyWnNZS7U9qXFolafqPqpCBVVvsE=,2017-01-26,1,30,149,149,0,0,60,0,0.0,0.0,0.0,0.0,518,17,0.016223926,False,test
VLyFsmv1SXigPaA7tD8JLI2mZTkL97yAsOts0sge6NU=,2017-02-11,1,30,149,149,0,1,0,15,42384.26700000001,190.0,0.8520408163265306,0.7894736842105263,458,16,0.016223926,False,test
J1ef7JDsa5POAcPB2xfxM0G6/8Ve8mAAIelVKzxFXjs=,2017-02-21,1,30,149,149,0,1,0,12,30161.391,132.0,0.6342857142857142,0.75,761,25,0.016223926,False,test
IFhLehfKGdDYTyWKKBQwdMNJ1DfAy5GWERkulwfL4Zo=,2017-02-22,1,30,149,149,0,1,1,16,46372.319,109.0,0.841025641025641,0.8888888888888888,762,26,0.016223926,False,test
3Q6/hLSaAmtnGVFvNZ0KRoAssPYI7xa7EMfDc2vnSE4=,2017-02-28,1,30,149,149,0,1,0,24,382478.884,820.0,0.9228395061728395,0.8888888888888888,700,22,0.016223926,False,test
cKvm+e/lHOJQBt2vccNQt+5eJSyYy+MNMj0EUz5W6kI=,2016-12-22,1,30,149,149,0,0,60,0,0.0,0.0,0.0,0.0,699,23,0.016223926,False,test
T7wQqx65pqwohmbAZOcVdw3cwqb4exk+GEdVxOvw38Y=,2017-01-06,1,30,149,149,0,1,2,23,56680.530000000006,275.0,0.6015625,0.9583333333333334,183,6,0.016223926,False,test
Qlk+jfiPdStG0HPvmaGL4o2k1U3dpk5NEN90M23R5dQ=,2017-02-26,1,30,149,149,0,1,0,24,97060.99000000002,383.0,0.7893617021276595,0.9230769230769231,762,26,0.016223926,False,test
XUzbduPSNfi1IQNMqgVG71D7Fn3ERYD4hnHnipnSkeU=,2016-12-31,1,30,149,149,0,1,1,19,57148.15200000001,268.0,0.7610921501706485,1.1176470588235294,153,6,0.016223926,False,test
PXhnb6Oy55VuPgtpEB/tWJyhAicMMMjq406VWyE8WyI=,2016-12-21,1,30,149,149,0,1,0,30,146444.069,875.0,0.3939393939393939,1.0,543,15,0.016223926,False,test
enRReiqv5oHovSaX9qgbGxFAx/B9gHGqu/P4LPgtfqc=,2016-12-31,1,30,149,149,0,1,0,14,64138.94699999999,236.0,0.9014084507042254,0.7,641,20,0.016223926,False,test
G0r7Yrn2X5Kr+SgHjtMeEYb5PGmWY8TeLCqBBMH1kBA=,2017-01-02,1,30,149,149,0,1,1,10,77491.358,250.0,0.7729257641921398,1.4285714285714286,724,10,0.016223926,False,test
+d4PLm4RwJchrGR8o5UoWynyZG6/QcU5ZVk7Lh5aaeo=,2017-02-07,1,30,149,149,0,0,60,0,0.0,0.0,0.0,0.0,762,26,0.016223926,False,test
kgDRpa3n0Iwg30OIvqj0XPUy6qzZuBzfdaapF+HAKTE=,2016-12-15,1,30,149,149,0,1,0,27,143819.53799999997,596.0,0.7208333333333333,1.2857142857142858,684,18,0.016223926,False,test
pbFJcggWGJu/wqJ9SFZ/enu9kgP3rFwPWk0SuOhSAkw=,2017-01-31,1,30,149,149,0,0,60,0,0.0,0.0,0.0,0.0,672,21,0.016223926,False,test
6RE54Mianj409em3TtmunwkruazhRbJoxaVve1WGoUk=,2016-12-25,1,30,149,149,0,1,0,28,111306.45499999997,418.0,0.7474916387959866,0.9655172413793104,583,19,0.016223926,False,test
rqrv1u0GSAKOm2PlJZA+Pn4TmGvBSJXUuk2fxjgXw9g=,2017-01-01,1,30,149,149,0,1,2,19,197747.004,599.0,0.8891377379619261,0.95,183,7,0.016223926,False,test
sZIQe7D+fzx38v57sG0OuRY9ziaVZkEX+mx0h05YEyU=,2017-01-31,1,30,149,149,0,0,60,0,0.0,0.0,0.0,0.0,366,8,0.016223926,False,test
n77aGIDmNH1rtrr4WIIY6rXFJfjNAee3eHYF981Mxdw=,2017-02-09,1,30,149,149,0,1,0,29,321856.81500000006,1003.0,0.5684966649563878,1.0,537,17,0.016223926,False,test
CvJM7FWPMBSMTs6bYbYc7Ujtmyp9YU7WMw6otIY6M/c=,2017-01-01,1,30,149,149,0,1,0,28,127144.91100000001,623.0,0.6503401360544218,1.0,731,24,0.016223926,False,test
FSDc2TTr8KQ2Q140e2bqT0Tv7Fiw9hzgIoCsHOGRhfk=,2016-12-22,1,30,149,149,0,0,60,0,0.0,0.0,0.0,0.0,700,24,0.016223926,False,test
BdUTxyaKLLFTf4f9zBu1YeiK2zOq6MZslqyKaB1OJto=,2016-12-31,1,30,149,149,0,0,60,0,0.0,0.0,0.0,0.0,700,22,0.016223926,False,test
a8j2XSy2e207/QqttseUmvLt742AJ50612Yq3jjuGtI=,2017-01-05,1,30,149,149,0,0,60,0,0.0,0.0,0.0,0.0,427,14,0.016223926,False,test
YEs9xnhfDyLIdvOS17ZnNATdJ4ogix0BypA8494qW4U=,2017-02-09,1,30,149,149,0,1,0,8,33431.079,144.0,0.8930817610062893,0.8888888888888888,730,25,0.016223926,False,test
SRJexQfyaTsiQ2MyvZreKYhsONriicm3FfDH4oNRopE=,2017-02-07,1,30,149,149,0,1,0,15,55164.133,246.0,0.6413793103448275,1.25,761,25,0.016223926,False,test
Zb6nLCmg8Sp48Ihd9U/T0YbHEH4KsFz6X2KyjgBOYz0=,2017-02-26,1,30,149,149,0,1,1,22,89345.25500000002,366.0,0.7359307359307359,0.8461538461538461,761,25,0.016223926,False,test
wTJrgoGV/wSzRoGIQ2/shVrZA+Lk6a33A0MQTAma+EE=,2017-01-24,1,30,149,149,0,0,60,0,0.0,0.0,0.0,0.0,731,25,0.016223926,False,test
G+r/uM1IKIVaraHo1UTw6hWRmyEHrOMZ5Cnp9822fcg=,2017-01-31,1,30,149,149,0,1,0,20,188228.18199999997,731.0,0.9703903095558546,0.8,192,7,0.016223926,False,test
mHK3XeFpHW5OYP48rTray6bxCIaIwV6/Hhms6oUW2ds=,2017-02-06,1,30,149,149,0,1,0,23,146191.699,657.0,0.8119891008174387,0.8518518518518519,747,25,0.016223926,False,test
nVaH7mT5WTusBSYCfu8h7yAAAc8ehtD/sGRDOm3jO60=,2017-01-31,1,30,149,149,0,1,0,29,153266.445,813.0,0.7008196721311475,1.0740740740740742,672,21,0.016223926,False,test
HLkP8Ydif9MAdVAQoCRCt3Q2fpvYcPwQDnNgdTZsIU8=,2017-02-02,1,30,149,149,0,1,0,28,216478.004,1409.0,0.42444444444444446,1.2173913043478262,446,2,0.016223926,False,test
YnNuTeD5CbtRUX3iJZf+qYpXSN6bY1VVO+j2UVLlblI=,2017-02-28,1,30,149,149,0,1,2,24,472427.4629999999,1445.0,0.8850293542074364,0.96,760,27,0.016223926,False,test
hYwWGdR2z28CEDZv732WzWQT5WnnEaRS68hqpaUQvSc=,2016-12-11,1,30,149,149,0,1,0,25,74124.69200000001,409.0,0.5260960334029228,1.0416666666666667,701,24,0.016223926,False,test
tMzMlffBM1QMElCmXTa5j0HNRJ2R6DUiQLyg3IAhegw=,2017-01-26,1,30,149,149,0,0,60,0,0.0,0.0,0.0,0.0,731,25,0.016223926,False,test
gKNCQ7F9debqfiKG/WjyzQbgwx+ol77FT59bodegwTU=,2016-12-17,1,30,149,149,0,1,0,24,92173.406,440.0,0.7957894736842105,0.96,398,13,0.016223926,False,test
WdQ8TAU4vZBqYjS/AFBOdTRz+w6arkU9Q7NK6K+6TLE=,2017-01-24,1,30,149,149,0,0,60,0,0.0,0.0,0.0,0.0,732,25,0.016223926,False,test
Db/Btoxco6V5MR6eN5wnGlFMJQl8xTPpmJtqOQkuuWk=,2016-12-10,1,30,149,149,0,1,0,28,200951.79999999996,1320.0,0.4788819875776398,0.9655172413793104,700,23,0.016223926,False,test
cdKqyarsiEAvUBmtG7rUyldY6CffJfUYA7byxeZl+h4=,2016-12-10,1,30,149,149,0,1,0,28,155888.36300000004,727.0,0.7566585956416465,1.037037037037037,700,24,0.016223926,False,test
GtLz12azw/rz2I1/eC/2KjMbhOs+3YvYXP6VkWFaGl4=,2017-01-31,1,30,149,149,0,1,0,28,175221.82900000003,1059.0,0.4503875968992248,1.037037037037037,731,27,0.016223926,False,test
uhx3kAZtFao/m4qi+Wp59x/uk4CVSPStBPsDYK9Yg8g=,2017-02-10,1,30,149,149,0,0,60,0,0.0,0.0,0.0,0.0,761,25,0.016223926,True,test
t/ejVIXaUURFANavQ6/j8GYRY74riqyEFgZtVNc74lc=,2016-12-20,1,30,149,149,0,1,0,30,311226.739,1235.0,0.8577777777777778,1.0,701,24,0.016223926,False,test
sS9n+3UY/+yEbYB2UG7UywPcWgbJv7qK5/pkGPBxCcQ=,2017-02-07,1,30,149,149,0,1,0,28,167078.213,739.0,0.6474358974358975,1.037037037037037,762,26,0.016223926,False,test
0NzdclSbt/sTUwYkFq/q1eO6qi47hRubGNOEyGLZRHQ=,2017-01-03,1,30,149,149,0,1,1,8,33391.252,154.0,0.7911392405063291,1.3333333333333333,706,24,0.016223926,False,test
qBh2vPzAT+a3GJ0uOSaqTE6USNA5y5jMvzfu/aZfsZI=,2017-02-15,1,30,149,149,0,1,0,21,123875.94900000002,447.0,0.9047619047619048,1.105263157894737,762,26,0.016223926,False,test
gkFy8rTdllwT7gXO5aFiszsqsRY81LLPe4/r3N5Qwj8=,2017-01-27,1,30,149,149,0,1,0,27,264266.265,824.0,0.8070469798657718,1.2272727272727273,731,25,0.016223926,False,test
jNq3sc9TnoGm+0B5ugNpfprZ2m1L12dRlHUI/LMuTk4=,2017-01-31,1,30,149,149,0,1,0,26,176424.87300000002,825.0,0.7327044025157232,0.8666666666666667,672,21,0.016223926,False,test
LQ3hJvxfW7DEQ2oanrnsJ2tK53PKtM+0ZW58eOoBoEQ=,2017-01-19,1,30,149,149,0,0,60,0,0.0,0.0,0.0,0.0,730,24,0.016223926,False,test
VCzR7nb4kO6yDOj4FDVl6JdXzgY+bLXIySFktRuJSJ8=,2017-02-18,1,30,149,149,0,1,0,18,56828.87300000001,263.0,0.6797385620915033,0.8571428571428571,762,26,0.016223926,False,test
A0P0JEzFe27KCuINXkgYMHNApt8IdO2buB6dC6BwkGs=,2017-02-19,1,30,149,149,0,1,0,15,51957.145,242.0,0.7384615384615385,0.7142857142857143,396,13,0.016223926,False,test
bZ6Cq9Yav5Xty3w19RREhMpUEN/A77oq29EUNrf6ROw=,2017-01-02,1,30,149,149,0,0,60,0,0.0,0.0,0.0,0.0,731,25,0.016223926,False,test
7EX6451X47fNfV+chqiAwz9eds2bgtp1t2w9TKlxGDA=,2017-01-24,1,30,149,149,0,0,60,0,0.0,0.0,0.0,0.0,732,25,0.016223926,False,test
eOkdNPDR948d8K9xKnxS2dJwM5XVupn8QUT2J2mGbkA=,2017-01-20,1,30,149,149,0,1,0,16,49585.727000000006,201.0,0.6979591836734694,1.3333333333333333,734,26,0.016223926,False,test
WtXQ9Tv9If71MAz0B2l91IqfOC76pjLigmfddCOyfQE=,2016-12-27,1,30,149,149,0,0,60,0,0.0,0.0,0.0,0.0,723,25,0.016223926,False,test
ctECdrnUy91h19OCFDyzGaUqv70x/9mGk+ZldMkv+vU=,2017-02-18,1,30,149,149,0,1,1,12,62357.936,281.0,0.7986577181208053,1.2,275,9,0.016223926,False,test
dJO2vCBIa32IQVCsT+SLIRUMwuOnWzID+lgU/wOH2OI=,2016-12-31,1,30,149,149,0,1,0,30,611610.5960000001,2201.0,0.8251513113651647,1.0,275,6,0.016223926,False,test
LMjrd39VGdnzlIZbFINJxGsPFDCg19eGDZY6p66dY2c=,2017-01-31,1,30,149,149,0,0,60,0,0.0,0.0,0.0,0.0,672,21,0.016223926,False,test
h++c1AiLnimzQsO4nFBl4t+DECwItb7JeKOsY9g6AI8=,2017-02-14,1,30,149,149,0,1,0,18,119804.77899999998,444.0,0.8560606060606061,0.8571428571428571,762,26,0.016223926,False,test
PWQEEmWuJ1KmLXbsjCwy7k6XvSSzVoXWN8VMON/7u74=,2017-01-23,1,30,149,149,0,1,0,25,55315.172,153.0,0.5627118644067797,0.8333333333333334,731,25,0.016223926,False,test
a+0iOfpp/SsYEJEJVGJm+GBn06tBFa2rIWucN4rtdkk=,2017-01-16,1,30,99,99,0,1,0,27,107878.41700000002,270.0,0.6106870229007634,0.0,389,6,0.013658537,False,test
PhxcjNNTpFhmCatxlM9QilaBcgV1T3cWD65NoAS0TDg=,2017-01-12,1,30,99,99,0,1,11,2,9919.129,42.0,0.4794520547945205,0.0,397,14,0.013658537,False,test
iD1nXFYiXKpfa8M//xQz8Vb/77ek8jKwOj3vGmLMuMc=,2017-01-31,1,30,99,99,0,1,1,9,12229.739,48.0,0.48214285714285715,0.0,31,2,0.013658537,False,test
ga97ZmxD/ztiegdzUXUCaaIye946K38Bvzt3OsMwmzk=,2017-01-12,1,30,99,99,0,1,0,5,18651.356,73.0,0.8080808080808081,0.0,335,12,0.013658537,False,test
17FJEiTOzT0cyfqLiSmLoMzfXKlRbM74kY7TM6K6ksk=,2016-12-21,1,30,99,99,0,1,4,6,21960.586000000003,154.0,0.34408602150537637,0.0,29,2,0.013658537,False,test
hcBDcxlQvWYdBdNdFUWAWe+vkLPYRycpgzgpsrFqnhI=,2017-02-19,1,30,99,99,0,1,0,15,81274.029,339.0,0.8096514745308311,0.0,30,2,0.013658537,False,test
mAIilTl5EYBCZMpkDD+mDYkuyprPbfjDfiFOzRYjUps=,2017-01-07,1,30,99,99,0,1,2,3,4084.186,109.0,0.036036036036036036,0.0,153,6,0.013658537,False,test
/98QhGxYJukktH0F3ObXhWkRHyu+z0fV2rYwGxV4mmo=,2017-01-31,1,30,99,99,0,1,0,5,42226.58499999999,73.0,0.930635838150289,0.0,552,17,0.013658537,False,test
CP71uzC4LCdI9omIotI27UZThzLAtc7n+vYt3h9gJcU=,2017-01-08,1,30,129,129,0,0,60,0,0.0,0.0,0.0,0.0,30,1,0.013658537,False,test
ETKaky1wJ4VP6wibqqBSEh/PGpX6Vnt59VQ83KKSQPk=,2016-12-19,1,30,99,99,0,1,1,7,3163.7209999999995,35.0,0.15789473684210525,0.0,29,2,0.013658537,False,test
r3nqcrFy7219EfBs0f6ix+MAK4t6WBsUK3j1yK5WHoE=,2017-02-21,1,30,129,129,0,0,60,0,0.0,0.0,0.0,0.0,30,1,0.013658537,False,test
TmmULNpC0KploHikc57iWJ8cvBtWmkpMRJajrqxOOBg=,2016-12-07,1,30,99,99,0,1,3,11,45450.554,228.0,0.5955056179775281,0.0,122,5,0.013658537,False,test
1OkyTO0607b35fvRfDyZ7T0RRFKlqwaYiDxBmP7mkyM=,2017-02-25,1,30,99,99,0,1,0,14,48494.626,210.0,0.5379939209726444,0.0,30,2,0.013658537,False,test
kgIFvHkZ9+VtGnX/VMeiLSEmujfAStrHSkA5cxkic98=,2017-02-26,1,30,129,129,0,0,60,0,0.0,0.0,0.0,0.0,762,26,0.013658537,False,test
61wyiQ4E5cFREdM8a/6JVj4hoB8fONihAT2wb1TNeig=,2016-12-22,1,30,129,129,0,1,1,16,46240.386,280.0,0.25084745762711863,0.0,29,2,0.013658537,False,test
suniQnY1w4kKAcbFGE5QoK2Cjb/O0W+b+Xv6sBZ9wcA=,2017-02-01,1,30,99,99,0,1,1,20,66939.64500000002,374.0,0.5279069767441861,20.0,30,2,0.013658537,False,test
jUBcNKhQVVjIPaWuXNdg0duPoRJr7ZNu1rXXpmSdRo0=,2017-02-08,1,30,129,129,0,1,12,9,15120.021,82.0,0.6122448979591837,0.0,30,2,0.013658537,False,test
Iyw0JAr2EPI1wyH8niCrRGVNQWkm4HPNYg8GlH/X4Zg=,2017-02-18,1,30,100,100,0,1,0,26,135229.793,458.0,0.5859473023839398,26.0,30,1,0.013658537,False,test
D+4R5EP7RG9eo8l7OHT4m8oCdCkOmyeHvZ23GfGfVdg=,2017-01-05,1,30,129,129,0,0,60,0,0.0,0.0,0.0,0.0,30,1,0.013658537,False,test
gqGKrpHz9TqnZ8jwavgg5CH9nxxvuLqmgqz7IfRqLII=,2017-02-11,1,30,129,129,0,0,60,0,0.0,0.0,0.0,0.0,184,7,0.013658537,False,test
I/fWWH1dLwE6SntNxvBWL9GoXBidSyjhhn6b1EG/pKA=,2016-12-11,1,30,99,99,0,1,0,24,134650.443,518.0,0.8673647469458988,0.0,29,2,0.013658537,False,test
MgUCgeBvRq5c5ZfYdVRxMzWFFu3wMbZS4ETek53jpuY=,2016-12-13,1,30,99,99,0,1,0,3,1360.856,10.0,0.3333333333333333,0.0,519,18,0.013658537,False,test
Z4DxLJtb/R4g50jxzou0mIX3BvxWm6M2hoFW6bNcyLs=,2017-02-19,1,30,99,99,0,1,1,18,19693.519,80.0,0.49019607843137253,0.0,305,11,0.013658537,False,test
1C2NZGN6y5Lf5c7Bprvdqhh3KECZK+jxfJ1lUSC/fxE=,2017-01-26,1,30,129,129,0,0,60,0,0.0,0.0,0.0,0.0,91,3,0.013658537,False,test
CiYE7+pKgHu5VrP6waAlsy/UDYmd5FpEsMvvouDQBas=,2017-01-25,1,30,99,99,0,1,25,1,9647.858,45.0,0.7708333333333334,0.0,397,14,0.013658537,False,test
Em6fxoJCEGl3vdtn0xMni9MJQl+tS5caVXVEu7oDO2c=,2017-02-25,1,30,129,129,0,1,0,13,77215.581,304.0,0.8839050131926122,13.0,30,2,0.013658537,False,test
dGQm2OLYHlbTljhUP25gkguQrrAMZJJTX1l+WZUMW34=,2017-02-24,1,30,99,99,0,1,2,4,45863.001000000004,180.0,0.6885245901639344,0.0,244,9,0.013658537,False,test
W+C1o/Erd/9HV9OrrApnxDn1TtClcg5Xq87ScjFV2Q0=,2016-12-02,1,30,99,99,0,1,0,26,121375.281,501.0,0.6136680613668062,0.0,29,2,0.013658537,False,test
xceMahtzNFpdNZkOyAMSXA9va16Ks02duE47ikKC5uA=,2017-01-23,1,30,99,99,0,1,0,10,21937.436000000005,100.0,0.6776859504132231,0.0,31,2,0.013658537,False,test
0A9YjrStjSBa2b+7RdaPflL67r9ycQVncC+pWEhPf40=,2017-01-24,1,30,99,99,0,1,0,15,71774.766,300.0,0.6210268948655256,0.0,91,4,0.013658537,False,test
9/t4Ss+6L3FHmX2EJyCf7evG2c+b258ZPGO4V2nmuFU=,2016-12-12,1,30,99,99,0,1,2,3,3136.943,17.0,0.5238095238095238,0.0,90,4,0.013658537,False,test
iyGHSlH+Me7CiWklV+vWmSRejPLkFSqk//0pGA+q4D4=,2017-01-31,1,30,99,99,0,1,7,4,3318.482,24.0,0.2631578947368421,0.0,337,8,0.013658537,False,test
CyKhSW35imO8d1U5YwLIupdeXPM/6OMqHWsYk6dt4Mo=,2017-01-01,1,30,129,129,0,1,2,13,18668.913,144.0,0.26380368098159507,0.0,30,2,0.013658537,False,test
m+aKE8Wx4nddQ8iIlIIUqWwwG1oPmqVMfvBJCj6sZYI=,2017-01-15,1,30,129,129,0,0,60,0,0.0,0.0,0.0,0.0,30,1,0.013658537,False,test
XOOTUVTDIuO0+1F0o/DHRmqRzKZjvaGn8/E89jdpkbw=,2017-02-28,1,30,99,99,0,1,0,1,12061.827,229.0,0.07829181494661921,0.0,426,12,0.013658537,False,test
bD2GYxLZ4OFGj5NY1eZ7M1gF2E2Hp9xSxgKkQG+TUuU=,2017-01-25,1,30,129,129,0,0,60,0,0.0,0.0,0.0,0.0,729,25,0.013658537,False,test
Djbbuvmzlnsf5vVOVqhYYy0yGlLhUL+/3VqJwbIqQy4=,2017-01-26,1,30,99,99,0,1,1,26,127797.74500000002,575.0,0.9085439229843562,26.0,30,2,0.013658537,False,test
qUWyyIygYTW7MIkWxot1ZL5w/B7w3oPiA8wt2kARrP8=,2017-01-05,1,30,99,99,0,1,8,6,5389.246,48.0,0.23214285714285715,0.0,30,2,0.013658537,False,test
hgialQAvFXRZdiMO/YjTwBnBmWyZev171sJChNeQ+Iw=,2017-02-20,1,30,99,99,0,1,1,8,13008.434000000001,65.0,0.330188679245283,0.0,428,15,0.013658537,False,test
1DZDz3PQjAuzWxioCuLnRD3Ci4A0yWEUVpjgiezP3Ys=,2017-01-22,1,30,99,99,0,1,0,2,44968.683000000005,132.0,0.47333333333333333,0.0,183,7,0.013658537,False,test
v+4knvbrrhunMTav6SNVspV+4yzEHP/bZrhuIviqAk8=,2017-02-23,1,30,100,100,0,1,1,13,26422.921,56.0,0.6028368794326241,13.0,30,2,0.013658537,False,test
06uL+Sjc6/fmHH02n9GRR28UZIA6F9QzkrXVftQCYzE=,2016-12-15,1,30,129,129,0,0,60,0,0.0,0.0,0.0,0.0,29,1,0.013658537,False,test
Dyo5NB9BTOQiTwuHOnM2mx1z1lu+ch72AilUStneJ5g=,2017-02-11,1,30,99,99,0,1,1,8,19727.996,93.0,0.826530612244898,0.0,397,14,0.013658537,False,test
+o6LWOqiPZyn6nFaeZyYQ15lLxyC4i4ISWol9PK7s5s=,2016-12-05,1,30,99,99,0,1,0,3,7820.7970000000005,62.0,0.24324324324324326,0.0,334,11,0.013658537,True,test
cm6HJTDHgLZIdmgyOqsxeFT3rnUw6MDv5xM6q51pilI=,2016-12-17,1,30,99,99,0,1,0,27,146812.947,641.0,0.7608108108108108,0.0,29,2,0.013658537,False,test
ggY9KaENn1a8Fuu/lIOpsukxIEXYbC3w1dNuoE7zVBU=,2017-02-19,1,30,100,100,0,1,0,29,323471.91299999994,1334.0,0.7227781047675103,0.0,30,2,0.013658536,False,test
irB6HP7Jaushi8We69TvxL4YNGax/ZXgJAWg8ATuqxw=,2017-02-08,1,30,99,99,0,1,0,22,233888.515,947.0,0.7850545759865659,0.0,702,12,0.013658536,False,test
VBZccyEUJrwSUrlANpJwaBiX56pPFulOrQ2p8Zy6yQo=,2017-01-08,1,30,129,129,0,1,9,1,6128.924,24.0,0.7037037037037037,0.0,91,3,0.0011547345,False,test
gzdz7/okJs9fgxY4P2fxBoFTPh1aEdNOgAx+i5abD40=,2017-02-25,1,30,99,99,0,1,13,2,2605.8230000000003,12.0,0.6666666666666666,0.0,214,8,0.0011547345,False,test
W7+HgWNoiLIDf6oCVOoasyvNZV5knA/jfrRTlKnY47o=,2017-01-08,1,30,99,99,0,1,0,1,452.815,8.0,0.0,0.0,518,18,0.0011547344,False,test
CmQ+oSpqkqA1PQL70saKiIBeDSuuwlkLngZR/0DNO+g=,2016-12-26,1,30,99,99,0,1,8,1,68.023,1.0,0.0,0.0,334,12,0.0011547344,False,test
+UkorEcKu6ntOx6WXxj5aar7IUkKUlSJTOpzM+wZn4A=,2016-12-05,1,30,129,129,0,1,42,0,0.0,0.0,0.0,0.0,152,5,0.0011547344,False,test
X/VxKaMEvoUPR1Pf1FyOVcUuUS3Vrar3D8sCeA2FRFU=,2017-01-26,1,30,99,99,0,1,16,1,2112.002,7.0,0.46153846153846156,0.0,726,24,0.0011547344,False,test
o5xE4ck1HaK2bb006+HbUo0MiyMsaa/SbBi7c04P240=,2017-01-23,1,30,99,99,0,1,30,0,0.0,0.0,0.0,0.0,60,3,0.0011547344,False,test
GDaFhC8xAMD8Lb8GMS8nPYNqhddy4Jn2pdQTKVxod1Q=,2016-12-08,1,30,99,99,0,1,6,1,19.722,1.0,0.0,0.0,395,14,0.0011547344,False,test
3MV+p2CD7Hf1dYLTG0WpJbvw2T3NKjTRqt0rgEJwlz0=,2017-01-26,1,30,99,99,0,1,30,0,0.0,0.0,0.0,0.0,213,8,0.0011547344,False,test
ypqBrOxLNSTKxVpdO+0UMW6Kt12dqDFBRRiattBcVRM=,2017-01-19,1,30,99,99,0,1,1,2,1542.856,9.0,0.2,0.0,365,13,0.0011547344,False,test
JqdvWnW2j/S5qbKmhIZpYDiHGxKXBB0eENT3evcxssI=,2016-12-06,1,30,99,99,0,1,2,1,1609.586,8.0,0.375,0.0,488,17,0.0011547344,False,test
oK1VU65/C5zTMDdavOh6iBqnWH8B+Ut2xYBf48QaWpQ=,2016-12-27,1,30,99,99,0,1,22,1,1059.997,6.0,0.375,0.0,303,11,0.0011547344,False,test
kzi/Xsf4/m73b8DcusKhphRjjfkBHVGySCRz+F3hmMQ=,2017-01-13,1,30,99,99,0,1,5,2,232.802,6.0,0.0,0.0,458,16,0.0011547344,False,test
GHiukVISELl7kqbLE9DM96rLcCT/epChFx81A3O4Ixw=,2016-12-09,1,30,99,99,0,0,60,0,0.0,0.0,0.0,0.0,334,12,0.0010584714,False,test
2GErkdG2ivU03F+NBQkqHq/WWSh5kD1CqyadPPQMBV4=,2017-01-06,1,30,99,99,0,0,60,0,0.0,0.0,0.0,0.0,152,6,0.0010584714,False,test
TmFB5aM6OvI+21TT+JkhsY7wvnoQk8G+meLhif7gWXo=,2017-01-26,1,30,99,99,0,1,12,2,78.16900000000001,2.0,0.0,1.0,122,5,0.0010584714,False,test
aXE3pCKUkCItp9kOr4Xs7KmdJ2yhBdEMcJ5Qw/bjBB0=,2016-12-14,1,30,99,99,0,0,60,0,0.0,0.0,0.0,0.0,121,5,0.0010584714,False,test
58/NvcwP+/B81oQwiyeVOFUEMQ5d6cdIGyllUM11GYY=,2017-02-15,1,30,99,99,0,1,1,13,24753.205,131.0,0.3803680981595092,1.1818181818181819,152,6,0.0010584714,False,test
FD2XSpGgMU4AjbSexH20wrvMtLWrfECaBiFZlIvmtDE=,2017-02-28,1,30,99,99,0,0,60,0,0.0,0.0,0.0,0.0,486,16,0.0010584714,False,test
TPXsz+wt5jsxasMPhLlcx1nJ+Zr4zvPJ/cVyjm0s4v8=,2017-02-16,1,30,99,99,0,1,0,25,102252.691,362.0,0.6721649484536083,0.8620689655172413,184,7,0.0010584714,False,test
k7f849W+5DVccDcGM+XsfZXGUeTMma9xm3zVhhJO+tE=,2016-12-17,1,30,99,99,0,0,60,0,0.0,0.0,0.0,0.0,29,2,0.0010584714,False,test
VntD9629/aiETFUFuHY3yyviLhsq+9H74WtFmML62Ko=,2017-01-12,1,30,99,99,0,1,0,10,41272.436,216.0,0.4845360824742268,5.0,60,3,0.0010584714,False,test
TBpdRXQB5MMXNPBOXDV6CX79iY8vjl/SrGN3l3cNK+o=,2016-12-20,1,30,99,99,0,0,60,0,0.0,0.0,0.0,0.0,304,11,0.0010584714,False,test
lQ7p871PDrXn0uRtvFOBzEd6sR21mXH8oI0/n6swUtw=,2016-12-01,1,30,99,99,0,0,60,0,0.0,0.0,0.0,0.0,303,11,0.0010584714,False,test
rozOdz6EgV4DP8Vm0v2J0aswpOoPEct6GuJ44YuLmlM=,2016-12-26,1,30,99,99,0,1,0,24,81599.63299999997,367.0,0.5278810408921933,1.0,182,7,0.0010584714,False,test
4ZiBlp+nMUO9TJQybcJKrY9lwfBEF2i5Za9wV6UbJ+I=,2017-01-21,1,30,99,99,0,0,60,0,0.0,0.0,0.0,0.0,213,8,0.0010584714,False,test
lnOre0fHi7MeR7gzaLAD2mXlAO/3UAEoB+wftfBEbms=,2016-12-11,1,30,99,99,0,1,2,18,63199.632000000005,267.0,0.7668539325842697,4.5,365,13,0.0010584714,False,test
y2JcnLT4aHP2lPJcela6frYa1JfbL/PVbHf3Os0gJLA=,2017-01-08,1,30,99,99,0,1,3,16,45980.382000000005,415.0,0.3099787685774947,0.8,275,10,0.0010584714,False,test
s/V3ITknLmfeGyMujCN/A9/XoguTtObI3qJvDNbJYfI=,2016-12-17,1,30,99,99,0,1,7,4,1521.639,11.0,0.2857142857142857,1.3333333333333333,427,15,0.0010584714,False,test
Nh6oakishqNUugmi0lmS6cw2ZEuKrmxjKCfF5Xo2zpQ=,2017-02-19,1,30,99,99,0,0,60,0,0.0,0.0,0.0,0.0,488,17,0.0010584714,False,test
B0nkVlDCkAcUHqz67ORuznjb4ZgAEb5K6cQ2O3DCkZo=,2017-01-07,1,30,99,99,0,0,60,0,0.0,0.0,0.0,0.0,397,14,0.0010584714,False,test
T07lT7vSlh0xVvVkSujHBvXyJpbVJJVBthYTQzI8tEI=,2017-01-31,1,30,99,99,0,0,60,0,0.0,0.0,0.0,0.0,489,16,0.0010584714,False,test
K0c3OMi3LX8ZF/ZY6N/x3z6lEg18UzNYXe+lfWGV5/A=,2017-02-06,1,30,129,129,0,1,5,5,40762.205,176.0,0.8585858585858586,0.7142857142857143,365,13,0.0010584714,False,test
kVur/5AvJCpO6atDBUYo9Rl5flKaDTLFeXnyQsZY4MA=,2017-02-03,1,30,99,99,0,0,60,0,0.0,0.0,0.0,0.0,457,16,0.0010584714,False,test
O5MIQUjOfvIlbNvZywxPp0PuhWdusnHEfAfpHWOkrUQ=,2016-12-02,1,30,99,99,0,0,60,0,0.0,0.0,0.0,0.0,488,17,0.0010584714,False,test
swJSribfE1B87pl4TgrZI51fnophembMZ9teSCEZCzk=,2017-02-06,1,30,99,99,0,1,6,4,10073.484999999999,62.0,0.42168674698795183,1.3333333333333333,183,7,0.0010584714,False,test
IBzv5VNULotWQqAuCcZ24iIEuSCLAmotcJz2qfSF7r4=,2017-02-17,1,30,99,99,0,0,60,0,0.0,0.0,0.0,0.0,244,9,0.0010584714,False,test
ukC04nyLMokaDdV0P1z0fHmYxie5PJwPEXD9XC+d+gQ=,2016-12-24,1,30,129,129,0,1,20,1,1233.409,5.0,1.0,0.5,708,25,0.0010584714,False,test
ZSy/SNyl9/fVcvriCgattj7y9gmaP7eidkqaEpvC3jA=,2016-12-31,1,30,129,129,0,1,0,24,145788.086,700.0,0.7327001356852103,1.0,336,7,0.0010584714,False,test
IMXsYhzsX549Ehl+8h7IIc+orJlpr7KOOJ1W7E/rONE=,2017-01-31,1,30,99,99,0,1,0,2,294.777,3.0,0.3333333333333333,0.3333333333333333,428,13,0.0010584714,False,test
UeUY4bhavXfGGth+F38FU/i9KgKAkL7tN+iAJ/HRvio=,2016-12-17,1,30,99,99,0,0,60,0,0.0,0.0,0.0,0.0,153,6,0.0010584714,False,test
WOKKemIUSPA7Qd95+TeVXKeE56CJ521RBhxnEiiUtP8=,2017-01-25,1,30,99,99,0,1,2,15,33019.782,136.0,0.5109170305676856,0.8333333333333334,550,19,0.0010584714,False,test
Url1YaY1BmZ4/cy24CLnSgWKDqVUKrWlSs0qJFMvx+g=,2017-01-17,1,30,99,99,0,1,1,1,790.776,7.0,0.2857142857142857,0.2,731,24,0.0010584714,False,test
S+IGvcu4DCRaNOEqgOR2mppv1PJ4XzvyuKkfa2UEdGU=,2017-01-09,1,30,99,99,0,1,14,2,1081.77,9.0,0.23076923076923078,0.25,60,3,0.0010584714,False,test
OVxEyKaKKj5uGjZwYD5lsBYqYs97KTZvale09uYf8Ws=,2016-12-31,1,30,99,99,0,0,60,0,0.0,0.0,0.0,0.0,428,14,0.0010584714,False,test
g/AIuFWC0PeJ+Ggp0rRPqpn1o4R/6nlufWqWf3MVrFs=,2016-12-17,1,30,99,99,0,0,60,0,0.0,0.0,0.0,0.0,334,12,0.0010584714,False,test
nWP3I2483gauqn2gyV2iPSlKz6voqaGkmWuMrueELSI=,2016-12-17,1,30,99,99,0,1,0,12,29322.858000000004,152.0,0.32727272727272727,4.0,274,10,0.0010584714,False,test
+b9+NL813F+bp93cFzWqWNLynLy4oSvXONwES7Rtjx4=,2016-12-01,1,30,99,99,0,0,60,0,0.0,0.0,0.0,0.0,304,11,0.0010584714,False,test
/nr6COYGg8JfysNLiz/SxXhD1Qp2qZGrqtCLDw81DLw=,2017-01-19,1,30,99,99,0,0,60,0,0.0,0.0,0.0,0.0,184,7,0.0010584714,False,test
zYk45ehDfFG1FshEupYsyt4tSMbT+fqEk961WTRDhlE=,2017-01-19,1,30,99,99,0,0,60,0,0.0,0.0,0.0,0.0,458,16,0.0010584714,False,test
dudQZJgXC/d3K1+/riEL/lQEgb59KdUaSuyoE5oq8Lg=,2017-01-08,1,30,99,99,0,0,60,0,0.0,0.0,0.0,0.0,366,13,0.0010584714,False,test
TDUeVx8sU6DciU0YqSAEhnwykEf7ZeeDQ4VWLRYNeDQ=,2017-02-15,1,30,99,99,0,0,60,0,0.0,0.0,0.0,0.0,91,4,0.0010584714,False,test
vdOrtnNfjF1bN17ZHc+3vdf+JzLDf3bomcNzUY/V/R8=,2016-12-16,1,30,129,129,0,1,1,15,87094.926,351.0,0.9174757281553398,1.25,652,23,0.0010584714,False,test
q7cgXPzfrk4+O6BgdXr3xNf3pEXeRp5Bpt/oOqCwaRw=,2017-01-07,1,30,99,99,0,0,60,0,0.0,0.0,0.0,0.0,397,14,0.0010584714,False,test
7oihv/Wf1/Ols9U62ejT6JAm2aAo92/2YFwMIPz9VUc=,2016-12-11,1,30,99,99,0,1,0,28,552686.421,2405.0,0.6333133612941881,2.3333333333333335,457,16,0.0010584714,False,test
GXh8bdrJ1pHDqjpd4Urw1xzKB79tDuuGLRXopI+BJ/c=,2017-02-15,1,30,99,99,0,0,60,0,0.0,0.0,0.0,0.0,550,19,0.0010584714,False,test
3ekm6NoC9WMmt83Rn7NNk6eddILyofr4efXYFGhfBmo=,2017-02-13,1,30,99,99,0,0,60,0,0.0,0.0,0.0,0.0,397,13,0.0010584714,False,test
caAPBhclQOmVJuNKvq4/hKJqDucz2a9bh6gAA15O4uA=,2016-12-19,1,30,99,99,0,1,1,14,124732.59400000001,570.0,0.7925801011804384,4.666666666666667,366,13,0.0010584714,False,test
xwrm9kTyerS0YB4qo9ochhKsv/u8FcHIRvR8My4+Mls=,2017-01-08,1,30,99,99,0,0,60,0,0.0,0.0,0.0,0.0,60,3,0.0010584714,False,test
fnj0ic/xcayuQKb2QbzNnrdKApTING9mtwNlC8HHF9Q=,2016-12-03,1,30,99,99,0,0,60,0,0.0,0.0,0.0,0.0,335,12,0.0010584714,False,test
hkCpiMcora23w3T95nX+WxOGWZY5CuxqESVBnNKMEF8=,2016-12-03,1,30,99,99,0,1,3,3,3034.096,22.0,0.39285714285714285,0.5,121,5,0.0010584714,False,test
xWmuv7O6YyBHacyR72s06zvNPkZKnMX5ZXtkRu6Ydao=,2017-02-13,1,30,99,99,0,1,54,0,0.0,0.0,0.0,0.0,276,9,0.0010584714,False,test
uB7Wb0UFNtW8zGvJ0ZbAQcqT5jmaLpCCXj47B37HXYk=,2016-12-27,1,30,99,99,0,0,60,0,0.0,0.0,0.0,0.0,304,11,0.0010584714,False,test
rB1BZFlSdyQv1M4E8aoLMHqP0QJtAtfZA4hv0nkWWfE=,2017-01-31,1,30,99,99,0,0,60,0,0.0,0.0,0.0,0.0,430,14,0.0010584714,False,test
ZHRroN7M+MEVbwkRnJtaLqewKLrqcrzzzCk6y2usQTg=,2016-12-08,1,30,129,129,0,1,0,27,829001.0599999999,2589.0,0.9098877019994522,1.0,618,14,0.0010584714,False,test
YlhlUJ30hYdbKjrvL5dZBDzxsqn9E/sATcPjAPOQ1X4=,2017-01-18,1,30,99,99,0,0,60,0,0.0,0.0,0.0,0.0,365,13,0.0010584714,False,test
zf+/ZcfRu1Utiq8+v9cZH/oEBHl4ETgOfdGF1EhQB4w=,2017-01-02,1,30,99,99,0,1,19,3,956.749,10.0,0.26666666666666666,1.5,121,5,0.0010584714,False,test
sSS7VTscPPdFmG5/Na13jf1hJarY0EP3M+bqZOoLO30=,2016-12-15,1,30,99,99,0,0,60,0,0.0,0.0,0.0,0.0,366,13,0.0010584714,False,test
sw1IwOVdZUHGmA7GyZa+qraLvAoRygkx5NOeb56LXR0=,2016-12-12,1,30,129,129,0,1,1,17,30203.08,171.0,0.45408163265306123,1.0,681,22,0.0010584714,False,test
sXbRtBgx4IWJoMtyo0Rl6Nd94sULIxPjApt5kn8INsY=,2017-02-16,1,30,99,99,0,1,1,10,34491.87,112.0,0.5895196506550219,0.625,549,19,0.0010584714,False,test
LF4M1MqiGSb8Z1VDiqUzLQHatQVYvZsPz7/MIYUu2zI=,2017-02-23,1,30,99,99,0,0,60,0,0.0,0.0,0.0,0.0,275,10,0.0010584714,False,test
5vJ7ED2XNICxkzL1UlXJkqJn9lsjNL6pkwQV+tvXolI=,2017-01-10,1,30,99,99,0,0,60,0,0.0,0.0,0.0,0.0,91,4,0.0010584714,False,test
9tFDZ7PiI3KCaxuBFBpnWOGapzW5eGsdsvdhjE4mO2s=,2017-02-23,1,30,99,99,0,1,0,17,63700.807,237.0,0.5188916876574308,2.4285714285714284,449,16,0.0010584714,False,test
uQEjfOxjOcAwKMw2U7C4Emn4wewwwuqTW/7xQL7S+G4=,2017-01-23,1,30,99,99,0,1,3,16,61422.989,262.0,0.8291139240506329,1.4545454545454546,305,11,0.00028188864,False,test
Jhs1ELHDpyDWP/+7nFt1tZQmVqa7/NhbK1wdPa5f2kc=,2017-02-03,1,30,99,99,0,1,1,8,12009.429,59.0,0.7540983606557377,0.8888888888888888,519,18,0.00028188864,False,test
uBsQTQ+9sUNNzbRZyG0lK0+sFUrE/Tx1iEkrn/NU5aw=,2017-02-18,1,30,99,99,0,1,0,30,169980.83899999998,814.0,0.6190476190476191,1.1538461538461537,336,12,0.00028188864,False,test
nyi+CoSGluQ+JFqCMXrwnpY568E/jy4r/aSGP35xMgQ=,2017-01-02,1,30,99,99,0,1,0,18,91257.351,320.0,0.7374429223744292,0.8181818181818182,419,15,0.00028188864,False,test
W/qlqi6oLDWy40EHTG41pPdU9uYcFFPprsjJ2Jg5bJI=,2017-01-16,1,30,99,99,0,1,1,22,93688.748,326.0,0.7649484536082474,1.375,434,16,0.00028188864,False,test
sKzUZWQQAmLtbM8vruaU3M1i0brSxHxkbXqo4qQZYic=,2017-02-17,1,30,99,99,0,1,0,5,27559.398,122.0,0.7005988023952096,1.0,214,8,0.00028188864,False,test
HGndASFNqDohg+54OBTsuejqvlqRW7kbSXtCn3HRuDY=,2016-12-03,1,30,99,99,0,1,3,8,38669.073,175.0,0.8212290502793296,1.0,432,16,0.00028188864,False,test
KiDPZdz8iH/WAFjesXWsWMANUkAIjdvBukXcnXFP84E=,2017-01-26,1,30,99,99,0,1,0,26,137027.986,726.0,0.6604938271604939,1.1304347826086956,736,26,0.00028188864,False,test
Z38Is6OwFTOIi7x1C5mlM03PqwG3W+IT4CbXXiu2HeQ=,2017-02-22,1,30,99,99,0,1,0,7,65331.12199999999,263.0,0.9365671641791045,0.5833333333333334,428,15,0.00028188864,False,test
l+5yyBWizChv89rjkVBYrT4ldW8EXgI7hcEeE+tKEqk=,2016-12-15,1,30,99,99,0,1,0,12,44497.21400000001,205.0,0.6909871244635193,2.0,488,17,0.00028188864,False,test
IN7vK3ozxbA9aL6VLGNr+t7lhqKho+XkG1GUGM3KwAI=,2017-02-28,1,30,99,99,0,1,3,13,31665.120000000003,157.0,0.7678571428571429,1.0,783,25,0.00028188864,False,test
fxoeSTuXOKzsOSFlOk1gPWdgW6FHsLvP/zLFg1W8JOE=,2016-12-05,1,30,99,99,0,1,0,23,83501.322,173.0,0.8743315508021391,0.92,335,11,0.00028188864,True,test
cjLdlpOK6JRwdEt6Rqi0g222rnnfm+nUROfB3QK+iTc=,2016-12-26,1,30,99,99,0,1,1,27,129540.99700000002,400.0,0.5289139633286318,1.08,121,5,0.00028188864,False,test
AT2EKZROA2Hxx01Ly7mlWeIYhy4rkeu968F0cCLl4mI=,2017-01-03,1,30,99,99,0,1,0,30,184157.43699999998,653.0,0.6123188405797102,1.1111111111111112,458,16,0.00028188864,False,test
EiWvzt1D3KQjnVQOOqM3SyELvBoCSSQ++vQdASjHLAs=,2017-01-08,1,30,99,99,0,1,1,12,38891.944,175.0,0.7009345794392523,0.8,549,19,0.00028188864,False,test
l9HJ1oSxg3e3sJ6ycx2J2no7LM25vitw6gGDWPlLfgE=,2017-02-16,1,30,99,99,0,1,4,17,44675.909,169.0,0.8811881188118812,1.0,458,16,0.00028188864,False,test
R6l4elcI0wDS+1wx1K6cMbCXDXUA07D5o8YE5eC5AI4=,2016-12-10,1,30,99,99,0,1,13,9,56733.648,41.0,0.8446215139442231,2.25,395,14,0.00028188864,False,test
yMwgf/kImPLTUNCme2vT18XSYFx5Gi82Wr4r5OpG5Xk=,2016-12-23,1,30,99,99,0,1,0,2,6117.3640000000005,28.0,0.7096774193548387,0.4,122,5,0.00028188864,False,test
ikvZ2rm8fnQ1AR30iVLkoU9bQeQ2gY4WBtc0KZBnHpY=,2016-12-02,1,30,99,99,0,1,0,21,52815.385,154.0,0.7083333333333334,0.7241379310344828,396,14,0.00028188864,False,test
A3LgkXTGmcQO8CEEWNr83vCLyB0ToTZhh1foMXQutbk=,2017-01-10,1,30,99,99,0,1,0,21,110986.98800000003,662.0,0.5622435020519836,0.8076923076923077,153,6,0.00028188864,False,test
90xDkYubJVD+Pu++EFBG92Ql3hYDdwE2b0hUeyvgxRE=,2016-12-16,1,30,99,99,0,1,3,11,53955.840000000004,132.0,0.8875,3.6666666666666665,152,6,0.00028188864,False,test
B2XuxUIGSEoWnFClUqTohq+DYmn1I2n2PlO6sYY7f2E=,2017-01-20,1,30,99,99,0,1,0,18,116438.12899999999,490.0,0.6409861325115562,1.8,275,10,0.00028188864,False,test
Jp8wC6eisBqLTL06EsPPpQ4YSZz2wgoC7jqfQ1Z/ppQ=,2017-01-19,1,30,99,99,0,1,20,3,22175.984,85.0,0.9247311827956989,3.0,306,11,0.00028188864,False,test
vayVa6SN1qCRvCZuB+CunGiu78N9Cd4V49FTfkRDfJ8=,2016-12-31,1,30,99,99,0,1,9,10,26640.002,86.0,0.7421383647798742,0.7692307692307693,337,7,0.00028188864,False,test
2syYUcUs3Cv0bm2oiZhHrOINNKMfBYdx0idgd4eqDb0=,2016-12-22,1,30,99,99,0,1,0,3,9817.921999999999,41.0,0.7906976744186046,0.75,60,3,0.00028188864,False,test
lCbnNsc6AXgulYJdDgNnTFXUo7Hr9IpgCI0cqTOO1Gk=,2017-01-12,1,30,99,99,0,1,4,11,33880.397000000004,157.0,0.8165680473372781,0.7857142857142857,561,18,0.00028188864,False,test
+Rth3Beo+hEg+JkDkCr7F9uOi8qw7uMI1m85ZK0OcKI=,2016-12-03,1,30,99,99,0,1,0,17,84101.595,252.0,0.8278481012658228,0.85,275,10,0.00028188864,False,test
GY/9me2O72RcUeJ9cp41vN1sKa8kt1juSdP0xWlhYV0=,2017-02-15,1,30,99,99,0,1,0,17,87367.99099999998,388.0,0.835820895522388,1.1333333333333333,550,19,0.00028188864,False,test
dxUkJqMFdhoes5DHFwc0eNSyaTT2+LVitRBwMST19mE=,2017-01-22,1,30,99,99,0,1,0,2,13131.779,19.0,0.9032258064516129,0.5,153,6,0.00028188864,False,test
ZyzYtDj1Bqfw4cqpGiqo2DZEsUqByzbHlmRTBB2Y/3c=,2017-02-18,1,30,99,99,0,1,12,5,18895.261,74.0,0.918918918918919,0.5,487,17,0.00028188864,False,test
I/0zDbzHCCdVbe6zP8BJS53+BKZCpsIcNvHgAGNY04g=,2017-01-01,1,30,99,99,0,1,0,24,178394.95000000004,729.0,0.7128099173553719,1.0,214,8,0.00020020021,False,test
rPXeuWyzjhhAz5BIO2g43cpRRSeLFxBtAggWSmlw2RU=,2017-01-22,1,30,100,100,0,1,0,26,134268.95,486.0,0.5955610357583231,0.9285714285714286,121,4,0.00020020021,False,test
92YW9nirncNSYkpPOTKU6XERKEeRg+kUqmyi1uWddnY=,2017-02-21,1,30,99,99,0,1,0,28,486691.80100000004,2164.0,0.6727340267459139,0.9333333333333333,429,13,0.00020020021,False,test
JcPSEpUnH6DAc4ImBXn1XNsDVACAYWt3HZqEHay+i34=,2017-01-02,1,30,99,99,0,1,0,29,243609.28699999998,887.0,0.7141693811074918,0.9666666666666667,213,8,0.00020020021,False,test
KHY8MRwz4uHOJupL8H2YGP3hwNY2Zov8iKhbPaQ5AgU=,2017-02-21,1,30,99,99,0,1,21,2,7844.993,35.0,0.9428571428571428,0.6666666666666666,470,6,0.00020020021,False,test
gVgUvtglyp0l2c+FhCw9s1wlgbV+8TSPdViU53HrjSM=,2017-02-17,1,30,99,99,0,1,0,27,211574.061,933.0,0.6846689895470384,1.08,152,6,0.00020020021,False,test
oTm6dF/J/nxy+gUitLkUSfOzfxHDrpwfoYBMQrAx3pU=,2016-12-22,1,30,99,99,0,1,0,30,434539.20599999995,1711.0,0.7089220831651191,1.0,274,10,0.00020020021,False,test
HjeFNWHhaqEp4/WDF6I3cB5zI8RZvtgDW8V8Ewk2oPI=,2017-02-04,1,30,99,99,0,1,4,11,18528.045000000002,70.0,0.9733333333333334,0.6470588235294118,365,13,0.00020020021,False,test
ELc6h0xUnAVkusFTj/pgD/aqT1VUPp0l45SzQ9/4MV4=,2017-01-26,1,30,99,99,0,1,0,30,196129.68300000002,744.0,0.7090739008419084,1.0714285714285714,396,14,0.00020020021,False,test
3HFzhX//jBgGB0XZuC3rhkhCRiOiTMx7JfTainl6CKs=,2016-12-21,1,30,99,99,0,1,2,20,185260.478,684.0,0.7658592848904268,0.8,304,11,0.0002002002,False,test
2SXDQX000GhUl/z/L00933eJfnF8XViqAUmmts2o7LE=,2017-02-15,1,30,99,99,0,1,0,26,153229.28999999998,619.0,0.907624633431085,1.0,152,6,0.0002002002,False,test
+hC2tBIVjkYCIN7xAnNkGIsl3wlT4tKMUZHvdLprEN4=,2016-12-16,1,30,100,100,0,1,0,26,388966.0149999999,1192.0,0.9139966273187183,0.9285714285714286,700,25,0.0002002002,False,test
y/jCUWGn+fjkKUEj5zEbEcfd5JXRylGQaMXU8CDKlvc=,2017-01-23,1,30,99,99,0,1,0,27,208310.047,695.0,0.8580931263858093,1.0384615384615385,183,7,0.0002002002,False,test
ENNAN3cMXrGYR5uZLAFRHoJCBurObJN1ghx8aJpA2ko=,2017-01-09,1,30,99,99,0,1,0,26,290813.77700000006,1031.0,0.8174273858921162,2.6,60,3,0.0002002002,False,test
j1D2RqlGlChpTRvQxmlkwq9ryhfleSiVMRggQAdZs0o=,2017-02-23,1,30,99,99,0,1,0,29,111441.34400000001,196.0,0.7363013698630136,1.0,306,11,0.0002002002,False,test
Msm9Im2ruPYvpEqtHZZocqRj5LJYefGzAWm6LuWPuZM=,2016-12-02,1,30,99,99,0,1,1,19,126018.208,516.0,0.8140794223826715,1.2666666666666666,696,14,0.0002002002,False,test
ocTumoFJtpCZYWVVHfPfTwWyn+uK1/bG+chazHOELxM=,2016-12-17,1,30,99,99,0,1,0,20,197239.316,414.0,0.8030612244897959,1.5384615384615385,122,5,0.0002002002,False,test
DVOhNCP63ymGILskje7iiFBI17cJ1/uWGFCQNRlXRIg=,2016-12-05,1,30,99,99,0,1,0,26,459430.4390000001,1568.0,0.8641449120937666,1.0833333333333333,688,23,0.0002002002,True,test
sYqpfaX2R9do2EnDaUTBaprTS9N7MQfRyNPQ7Ijk/IE=,2016-12-26,1,30,99,99,0,1,0,26,107713.482,454.0,0.8275862068965517,1.0,310,12,0.0002002002,False,test
IIiBJl5SBI8SSy/wouG1A/JTiAe2XI8ul9dX5KAK2E4=,2016-12-31,1,30,99,99,0,1,0,25,177965.24999999997,864.0,0.7377584330794341,1.3157894736842106,491,15,0.0002002002,False,test
XfoItc0q/f94uslDB8kxxv0SNuwQ++6GSU0V6yjefTk=,2017-01-10,1,30,99,99,0,1,12,14,381107.82,538.0,0.897078353253652,1.2727272727272727,153,6,0.0002002002,False,test
21S3B+LMx5oKswe7c2iaeFtD/UGktvtplfUorME1pWs=,2017-01-31,1,30,99,99,0,1,0,23,168994.095,586.0,0.7850707850707851,0.8214285714285714,184,7,0.0002002002,False,test
zoAc5KOSqpcy7pmPHUP9Va+bNoP17AHBsAQfBvmXq7o=,2017-01-07,1,30,99,99,0,1,0,21,124083.44000000002,433.0,0.8330578512396695,1.1666666666666667,717,26,0.0002002002,False,test
cL+J4gmrhvbMIimcvwCIEXpeZPTzfJ2MORm0x16eSs4=,2016-12-26,1,30,99,99,0,1,0,24,405120.8609999999,1075.0,0.9364331959976456,2.0,427,15,0.0002002002,False,test
oFm4/Yhs3Ubr4O+Ah1cnmbXJZ6l433/k5t5CD0Sf5Rw=,2016-12-17,1,30,99,99,0,1,0,25,328660.743,1039.0,0.8827404479578392,1.7857142857142858,706,25,0.0002002002,False,test
Gnfdww43i0nyUuhlqT7QM503BX30zXc63vLQtUPyjws=,2017-01-31,1,30,99,99,0,1,0,15,105720.16399999999,427.0,0.9161147902869757,0.7142857142857143,366,9,0.0002002002,False,test
zF7hkRwWYFCRNl+jFL6OodtbtxpudXFg4Khkqhfb4u4=,2016-12-26,1,30,99,99,0,1,0,25,346309.136,1208.0,0.8508403361344538,0.8620689655172413,702,25,0.0002002002,False,test
ZtdZeUQX3yMdtLWB+WJnk8khrfvDj7NXHM2b9aNFSpQ=,2017-01-19,1,30,99,99,0,1,0,21,114446.05300000001,442.0,0.822,2.3333333333333335,245,9,0.0002002002,False,test
fMVXmNsGG/fzVdENOVoc1SuAHHZZtITrlyn3X1Tqf9k=,2017-01-18,1,30,99,99,0,1,0,27,804648.4640000003,2706.0,0.9730180806675939,0.9642857142857143,274,10,0.0,False,test
2fLE6DTfZgyM0srQ4E9ueEzUiUoATrRBXaZ049Tvdtw=,2016-12-25,1,30,99,99,0,1,0,23,182655.729,628.0,0.9870633893919794,1.0454545454545454,60,3,0.0,False,test
